order_id,user_id,order_time,amount
202501010000,1002448,2025-01-04 03:00:00,30
202501010001,1016890,2025-01-06 20:00:00,68
202501010002,1017041,2025-01-08 14:00:00,30
202501010003,1017041,2025-01-07 13:00:00,6
202501010004,1017041,2025-01-06 14:00:00,6
202501010005,1011964,2025-01-06 13:00:00,30
202501010006,1011964,2025-01-23 18:00:00,30
202501010007,1011964,2025-01-11 07:00:00,6
202501010008,1011964,2025-01-05 01:00:00,30
202501010009,1012847,2025-01-02 06:00:00,6
202501010010,1012847,2025-01-03 18:00:00,6
202501010011,1004887,2025-01-11 18:00:00,30
202501010012,1012936,2025-01-07 08:00:00,68
202501010013,1012936,2025-01-31 20:00:00,30
202501010014,1012936,2025-01-21 03:00:00,30
202501010015,1016706,2025-01-01 08:00:00,648
202501010016,1012582,2025-01-10 07:00:00,30
202501010017,1011830,2025-01-08 08:00:00,68
202501010018,1006914,2025-01-03 18:00:00,30
202501010019,1006914,2025-01-14 06:00:00,68
202501010020,1011052,2025-01-09 15:00:00,6
202501010021,1011052,2025-03-02 05:00:00,328
202501010022,1010901,2025-01-14 02:00:00,6
202501010023,1017217,2025-01-09 05:00:00,30
202501010024,1005442,2025-01-04 19:00:00,6
202501010025,1005442,2025-01-13 13:00:00,6
202501010026,1014726,2025-01-02 09:00:00,6
202501010027,1014701,2025-01-05 12:00:00,30
202501010028,1014701,2025-01-07 00:00:00,6
202501010029,1014823,2025-01-08 06:00:00,30
202501010030,1014823,2025-01-06 13:00:00,328
202501010031,1014823,2025-01-01 08:00:00,30
202501010032,1014823,2025-02-07 19:00:00,6
202501010033,1005097,2025-01-02 17:00:00,30
202501010034,1013328,2025-01-08 05:00:00,30
202501010035,1013328,2025-01-27 03:00:00,6
202501010036,1017873,2025-02-03 08:00:00,68
202501010037,1017873,2025-01-20 05:00:00,30
202501010038,1007895,2025-02-13 07:00:00,128
202501010039,1007895,2025-01-10 05:00:00,68
202501010040,1009519,2025-01-06 04:00:00,30
202501010041,1003483,2025-01-06 05:00:00,30
202501010042,1007767,2025-01-05 23:00:00,6
202501010043,1007767,2025-01-01 08:00:00,30
202501010044,1007767,2025-01-10 18:00:00,6
202501010045,1019773,2025-01-31 06:00:00,30
202501010046,1019773,2025-01-05 06:00:00,6
202501010047,1019773,2025-01-16 06:00:00,30
202501010048,1019773,2025-01-08 08:00:00,6
202501010049,1019737,2025-01-07 04:00:00,30
202501010050,1019737,2025-01-07 10:00:00,6
202501010051,1008204,2025-01-03 21:00:00,6
202501010052,1010195,2025-01-12 02:00:00,68
202501010053,1010557,2025-01-13 16:00:00,30
202501010054,1010557,2025-01-15 05:00:00,68
202501010055,1010557,2025-01-15 15:00:00,30
202501010056,1018084,2025-01-07 03:00:00,30
202501010057,1010771,2025-01-05 23:00:00,30
202501010058,1010972,2025-01-10 11:00:00,68
202501010059,1002615,2025-01-19 07:00:00,30
202501010060,1008556,2025-01-14 22:00:00,30
202501010061,1008556,2025-01-13 22:00:00,30
202501010062,1008556,2025-01-03 12:00:00,30
202501010063,1012688,2025-01-14 10:00:00,30
202501010064,1012688,2025-01-12 20:00:00,6
202501010065,1012688,2025-01-12 12:00:00,6
202501010066,1012688,2025-01-04 19:00:00,6
202501010067,1010276,2025-01-14 05:00:00,6
202501010068,1010276,2025-01-26 13:00:00,68
202501010069,1007968,2025-01-19 13:00:00,328
202501010070,1007968,2025-01-04 01:00:00,328
202501010071,1007968,2025-01-02 05:00:00,328
202501010072,1007968,2025-01-25 02:00:00,128
202501010073,1007968,2025-01-04 03:00:00,328
202501010074,1007968,2025-01-07 02:00:00,648
202501010075,1007968,2025-01-12 11:00:00,328
202501010076,1007968,2025-03-03 04:00:00,128
202501010077,1007968,2025-01-18 12:00:00,128
202501010078,1007968,2025-03-02 04:00:00,328
202501010079,1007968,2025-01-05 21:00:00,328
202501010080,1007968,2025-02-11 13:00:00,648
202501010081,1007968,2025-01-23 14:00:00,648
202501010082,1007968,2025-01-11 16:00:00,328
202501010083,1007968,2025-01-02 17:00:00,328
202501010084,1007968,2025-01-09 21:00:00,328
202501010085,1007968,2025-01-07 01:00:00,6
202501010086,1007968,2025-01-07 18:00:00,648
202501010087,1007968,2025-01-13 15:00:00,328
202501010088,1007827,2025-01-14 04:00:00,30
202501010089,1002308,2025-01-02 18:00:00,30
202501010090,1002308,2025-01-07 23:00:00,6
202501010091,1013299,2025-01-04 05:00:00,30
202501010092,1013292,2025-01-16 12:00:00,6
202501010093,1013270,2025-01-14 04:00:00,648
202501010094,1013270,2025-01-26 08:00:00,6
202501010095,1013270,2025-01-04 18:00:00,68
202501010096,1016013,2025-01-14 04:00:00,30
202501010097,1018134,2025-01-19 13:00:00,6
202501010098,1018134,2025-01-02 00:00:00,6
202501010099,1017021,2025-01-09 13:00:00,30
202501010100,1005279,2025-01-03 00:00:00,68
202501010101,1015742,2025-01-11 14:00:00,6
202501010102,1016642,2025-01-07 15:00:00,6
202501010103,1004844,2025-01-14 09:00:00,6
202501010104,1004801,2025-01-05 21:00:00,6
202501010105,1018528,2025-01-04 10:00:00,6
202501010106,1000700,2025-01-03 10:00:00,30
202501010107,1003770,2025-01-17 22:00:00,328
202501010108,1016901,2025-01-02 10:00:00,68
202501010109,1016901,2025-01-02 19:00:00,128
202501010110,1016901,2025-01-10 12:00:00,328
202501010111,1018439,2025-01-08 07:00:00,30
202501010112,1014748,2025-01-04 23:00:00,6
202501010113,1002659,2025-01-21 11:00:00,30
202501010114,1002659,2025-01-04 02:00:00,30
202501010115,1004462,2025-01-16 11:00:00,6
202501010116,1004462,2025-01-04 05:00:00,6
202501010117,1002660,2025-01-17 10:00:00,30
202501010118,1004384,2025-01-09 20:00:00,6
202501010119,1004384,2025-01-07 14:00:00,68
202501010120,1004384,2025-01-15 06:00:00,68
202501010121,1004384,2025-01-11 04:00:00,30
202501010122,1007292,2025-01-17 17:00:00,6
202501010123,1007292,2025-01-04 16:00:00,30
202501010124,1000389,2025-01-19 17:00:00,30
202501010125,1018252,2025-01-15 04:00:00,68
202501010126,1010446,2025-01-14 20:00:00,30
202501010127,1010446,2025-01-03 23:00:00,30
202501010128,1010446,2025-01-12 00:00:00,30
202501010129,1010446,2025-01-03 11:00:00,6
202501010130,1003380,2025-01-10 13:00:00,6
202501010131,1003380,2025-01-13 10:00:00,68
202501010132,1003380,2025-01-12 21:00:00,30
202501010133,1003380,2025-01-13 00:00:00,68
202501010134,1008786,2025-01-03 22:00:00,6
202501010135,1019444,2025-01-15 23:00:00,6
202501010136,1008750,2025-01-06 16:00:00,30
202501010137,1008280,2025-01-03 07:00:00,30
202501010138,1008280,2025-01-09 05:00:00,68
202501010139,1019745,2025-01-07 18:00:00,128
202501010140,1019745,2025-01-15 07:00:00,328
202501010141,1019745,2025-01-12 12:00:00,648
202501010142,1019745,2025-01-07 20:00:00,648
202501010143,1019745,2025-01-03 12:00:00,328
202501010144,1019745,2025-02-04 05:00:00,328
202501010145,1019745,2025-01-08 18:00:00,328
202501010146,1019745,2025-01-15 16:00:00,328
202501010147,1019745,2025-01-07 12:00:00,648
202501010148,1000028,2025-01-18 01:00:00,6
202501010149,1003732,2025-01-10 12:00:00,6
202501010150,1002965,2025-01-05 08:00:00,30
202501010151,1006134,2025-01-11 12:00:00,30
202501010152,1013433,2025-01-20 08:00:00,6
202501010153,1013433,2025-01-28 03:00:00,68
202501010154,1013433,2025-01-04 16:00:00,68
202501010155,1000870,2025-01-04 03:00:00,30
202501010156,1001233,2025-01-14 07:00:00,30
202501010157,1006383,2025-01-05 22:00:00,68
202501010158,1006383,2025-01-10 22:00:00,68
202501010159,1006383,2025-01-31 07:00:00,30
202501010160,1007048,2025-01-05 08:00:00,30
202501010161,1007048,2025-01-05 23:00:00,30
202501010162,1007048,2025-01-06 08:00:00,6
202501010163,1006175,2025-01-09 20:00:00,6
202501010164,1006175,2025-01-18 00:00:00,30
202501010165,1006175,2025-01-04 15:00:00,6
202501010166,1016988,2025-01-03 05:00:00,6
202501010167,1016988,2025-01-06 00:00:00,30
202501010168,1016988,2025-01-03 12:00:00,30
202501010169,1005924,2025-01-20 16:00:00,30
202501010170,1005924,2025-01-05 10:00:00,30
202501010171,1005922,2025-01-06 10:00:00,68
202501010172,1005922,2025-01-22 17:00:00,30
202501010173,1006997,2025-01-15 10:00:00,68
202501010174,1005155,2025-01-13 04:00:00,68
202501010175,1003463,2025-01-04 01:00:00,30
202501010176,1007947,2025-01-12 19:00:00,30
202501010177,1006643,2025-02-15 15:00:00,6
202501010178,1006643,2025-01-06 10:00:00,30
202501010179,1002521,2025-01-06 09:00:00,648
202501010180,1002521,2025-01-12 12:00:00,128
202501010181,1002521,2025-01-13 14:00:00,648
202501010182,1002521,2025-02-04 12:00:00,648
202501010183,1002521,2025-01-22 14:00:00,128
202501010184,1002521,2025-01-13 00:00:00,648
202501010185,1002521,2025-01-04 07:00:00,328
202501010186,1004865,2025-01-07 10:00:00,6
202501010187,1004865,2025-01-08 17:00:00,6
202501010188,1014400,2025-01-09 08:00:00,30
202501010189,1013929,2025-01-09 05:00:00,30
202501010190,1013929,2025-01-27 07:00:00,30
202501010191,1014896,2025-01-04 03:00:00,6
202501010192,1015572,2025-01-04 06:00:00,6
202501010193,1012925,2025-01-17 08:00:00,30
202501010194,1013518,2025-01-17 14:00:00,68
202501010195,1013420,2025-01-05 09:00:00,30
202501010196,1013210,2025-01-04 17:00:00,68
202501010197,1013210,2025-01-19 18:00:00,6
202501010198,1013210,2025-01-23 10:00:00,30
202501010199,1013390,2025-01-30 07:00:00,68
202501010200,1000225,2025-01-18 18:00:00,6
202501010201,1018415,2025-01-08 09:00:00,6
202501010202,1018415,2025-01-06 23:00:00,128
202501010203,1018415,2025-01-05 00:00:00,30
202501010204,1000170,2025-01-13 01:00:00,6
202501010205,1016709,2025-01-18 16:00:00,648
202501010206,1016709,2025-01-05 09:00:00,328
202501010207,1016709,2025-01-19 08:00:00,128
202501010208,1016709,2025-01-04 19:00:00,648
202501010209,1016709,2025-01-09 09:00:00,328
202501010210,1016709,2025-01-14 20:00:00,128
202501010211,1016709,2025-01-05 01:00:00,648
202501010212,1016709,2025-01-19 01:00:00,30
202501010213,1016709,2025-01-11 06:00:00,128
202501010214,1016709,2025-01-06 23:00:00,30
202501010215,1016709,2025-01-07 05:00:00,648
202501010216,1016709,2025-01-22 05:00:00,648
202501010217,1016709,2025-01-20 20:00:00,128
202501010218,1016709,2025-01-12 21:00:00,648
202501010219,1016709,2025-01-30 15:00:00,128
202501010220,1016709,2025-01-15 01:00:00,328
202501010221,1016709,2025-01-10 02:00:00,648
202501010222,1016709,2025-01-08 17:00:00,648
202501010223,1016709,2025-01-09 15:00:00,648
202501010224,1016709,2025-01-19 05:00:00,648
202501010225,1016709,2025-01-05 05:00:00,128
202501010226,1016709,2025-01-20 10:00:00,328
202501010227,1016709,2025-01-06 03:00:00,328
202501010228,1016709,2025-01-05 00:00:00,328
202501010229,1016709,2025-01-09 08:00:00,328
202501010230,1016709,2025-01-06 19:00:00,328
202501010231,1016709,2025-01-25 07:00:00,328
202501010232,1000707,2025-01-05 08:00:00,30
202501010233,1000707,2025-01-10 18:00:00,30
202501010234,1000707,2025-01-23 14:00:00,68
202501010235,1016981,2025-01-04 01:00:00,6
202501010236,1017143,2025-01-09 11:00:00,6
202501010237,1017143,2025-01-14 04:00:00,30
202501010238,1010818,2025-01-09 12:00:00,30
202501010239,1010818,2025-01-22 21:00:00,6
202501010240,1010631,2025-03-05 01:00:00,68
202501010241,1008865,2025-01-15 05:00:00,6
202501010242,1008697,2025-01-09 02:00:00,30
202501010243,1008697,2025-01-08 20:00:00,30
202501010244,1009844,2025-01-28 19:00:00,6
202501010245,1009330,2025-01-07 12:00:00,6
202501010246,1009330,2025-01-07 18:00:00,6
202501010247,1009330,2025-01-13 12:00:00,30
202501010248,1009330,2025-01-25 02:00:00,30
202501010249,1009263,2025-01-23 07:00:00,6
202501010250,1009294,2025-02-03 03:00:00,6
202501010251,1009294,2025-02-19 09:00:00,30
202501010252,1019786,2025-01-10 18:00:00,128
202501010253,1019786,2025-01-10 11:00:00,68
202501010254,1019786,2025-01-14 00:00:00,30
202501010255,1019786,2025-01-06 20:00:00,6
202501010256,1017667,2025-02-07 03:00:00,30
202501010257,1004374,2025-01-29 23:00:00,6
202501010258,1004374,2025-01-12 06:00:00,6
202501010259,1004687,2025-01-25 20:00:00,68
202501010260,1004687,2025-01-09 15:00:00,30
202501010261,1004687,2025-02-06 19:00:00,30
202501010262,1016821,2025-01-08 01:00:00,30
202501010263,1016797,2025-01-08 12:00:00,6
202501010264,1009375,2025-01-19 17:00:00,30
202501010265,1009375,2025-01-12 15:00:00,6
202501010266,1009375,2025-01-17 14:00:00,68
202501010267,1009375,2025-01-14 02:00:00,68
202501010268,1004525,2025-01-26 16:00:00,6
202501010269,1004525,2025-01-19 11:00:00,30
202501010270,1004525,2025-01-08 05:00:00,30
202501010271,1019845,2025-02-03 15:00:00,68
202501010272,1017147,2025-01-05 15:00:00,68
202501010273,1004209,2025-01-08 03:00:00,30
202501010274,1019416,2025-01-05 18:00:00,30
202501010275,1003486,2025-01-05 02:00:00,30
202501010276,1003486,2025-01-10 22:00:00,30
202501010277,1018296,2025-01-29 05:00:00,30
202501010278,1018296,2025-01-15 21:00:00,6
202501010279,1018296,2025-01-08 08:00:00,6
202501010280,1018296,2025-02-07 03:00:00,6
202501010281,1007129,2025-02-06 01:00:00,30
202501010282,1013349,2025-01-30 10:00:00,30
202501010283,1006331,2025-01-07 17:00:00,6
202501010284,1014103,2025-01-05 01:00:00,30
202501010285,1014103,2025-01-08 04:00:00,6
202501010286,1013798,2025-01-09 16:00:00,6
202501010287,1011055,2025-01-06 11:00:00,30
202501010288,1011055,2025-01-08 12:00:00,30
202501010289,1011055,2025-01-08 14:00:00,30
202501010290,1011026,2025-01-11 06:00:00,6
202501010291,1012733,2025-01-16 00:00:00,128
202501010292,1012733,2025-01-10 00:00:00,328
202501010293,1012733,2025-01-26 10:00:00,648
202501010294,1012733,2025-01-06 02:00:00,328
202501010295,1012733,2025-02-21 00:00:00,648
202501010296,1012733,2025-01-07 23:00:00,648
202501010297,1012733,2025-01-05 12:00:00,128
202501010298,1012733,2025-02-20 22:00:00,128
202501010299,1012714,2025-01-05 18:00:00,6
202501010300,1015488,2025-01-05 06:00:00,68
202501010301,1016538,2025-02-04 10:00:00,6
202501010302,1009994,2025-01-22 18:00:00,30
202501010303,1009994,2025-01-10 03:00:00,30
202501010304,1009994,2025-01-12 02:00:00,30
202501010305,1015437,2025-01-16 03:00:00,30
202501010306,1015437,2025-01-20 19:00:00,6
202501010307,1000686,2025-01-13 04:00:00,30
202501010308,1002495,2025-01-11 19:00:00,30
202501010309,1000434,2025-01-07 10:00:00,68
202501010310,1002326,2025-01-06 15:00:00,6
202501010311,1000492,2025-01-09 11:00:00,648
202501010312,1000492,2025-01-06 19:00:00,68
202501010313,1000492,2025-01-17 05:00:00,648
202501010314,1000492,2025-01-06 02:00:00,328
202501010315,1000492,2025-01-21 21:00:00,328
202501010316,1000492,2025-01-06 16:00:00,128
202501010317,1000492,2025-01-05 12:00:00,648
202501010318,1000492,2025-01-21 06:00:00,328
202501010319,1000492,2025-01-09 18:00:00,648
202501010320,1000492,2025-01-07 00:00:00,648
202501010321,1000492,2025-01-14 07:00:00,648
202501010322,1000492,2025-01-12 09:00:00,648
202501010323,1000492,2025-01-14 11:00:00,68
202501010324,1000492,2025-01-05 22:00:00,328
202501010325,1000492,2025-01-10 07:00:00,648
202501010326,1000492,2025-01-06 07:00:00,328
202501010327,1000492,2025-01-06 11:00:00,648
202501010328,1000492,2025-01-08 01:00:00,648
202501010329,1000492,2025-01-15 21:00:00,128
202501010330,1000492,2025-01-17 16:00:00,648
202501010331,1000492,2025-01-27 00:00:00,648
202501010332,1000492,2025-01-05 19:00:00,328
202501010333,1000492,2025-02-02 19:00:00,328
202501010334,1001941,2025-01-11 02:00:00,128
202501010335,1001941,2025-01-10 22:00:00,328
202501010336,1001941,2025-01-09 18:00:00,128
202501010337,1001941,2025-01-12 06:00:00,648
202501010338,1001941,2025-01-22 02:00:00,328
202501010339,1001941,2025-01-16 08:00:00,328
202501010340,1001941,2025-01-05 05:00:00,68
202501010341,1001941,2025-01-05 22:00:00,648
202501010342,1001941,2025-01-11 03:00:00,648
202501010343,1001941,2025-01-06 20:00:00,648
202501010344,1001941,2025-01-13 10:00:00,648
202501010345,1001941,2025-01-13 01:00:00,328
202501010346,1001941,2025-01-19 00:00:00,328
202501010347,1000016,2025-01-05 10:00:00,30
202501010348,1001375,2025-01-25 01:00:00,6
202501010349,1001375,2025-02-07 05:00:00,6
202501010350,1016691,2025-01-16 07:00:00,30
202501010351,1013774,2025-01-16 03:00:00,6
202501010352,1009616,2025-01-07 03:00:00,68
202501010353,1010985,2025-01-20 23:00:00,6
202501010354,1010985,2025-01-08 22:00:00,30
202501010355,1018056,2025-01-19 19:00:00,6
202501010356,1018056,2025-01-13 11:00:00,30
202501010357,1018056,2025-01-07 22:00:00,6
202501010358,1018056,2025-01-26 18:00:00,30
202501010359,1011671,2025-01-07 23:00:00,30
202501010360,1009751,2025-01-13 01:00:00,30
202501010361,1005360,2025-02-01 19:00:00,68
202501010362,1003385,2025-02-20 13:00:00,30
202501010363,1012750,2025-01-06 04:00:00,30
202501010364,1010518,2025-01-21 11:00:00,6
202501010365,1010518,2025-01-20 14:00:00,30
202501010366,1015715,2025-01-08 21:00:00,6
202501010367,1019748,2025-01-10 02:00:00,30
202501010368,1019748,2025-01-06 21:00:00,30
202501010369,1019177,2025-01-10 01:00:00,328
202501010370,1019177,2025-01-13 09:00:00,328
202501010371,1019177,2025-01-12 21:00:00,328
202501010372,1019177,2025-01-17 00:00:00,648
202501010373,1019177,2025-02-11 05:00:00,128
202501010374,1019177,2025-02-01 08:00:00,328
202501010375,1019177,2025-01-26 15:00:00,128
202501010376,1019177,2025-01-14 07:00:00,328
202501010377,1019177,2025-01-14 22:00:00,648
202501010378,1002175,2025-01-26 06:00:00,6
202501010379,1002175,2025-02-01 16:00:00,6
202501010380,1002175,2025-01-08 19:00:00,30
202501010381,1019181,2025-01-27 20:00:00,30
202501010382,1017532,2025-01-14 16:00:00,30
202501010383,1015096,2025-01-19 02:00:00,30
202501010384,1002605,2025-01-20 08:00:00,30
202501010385,1016475,2025-01-10 16:00:00,128
202501010386,1008381,2025-01-24 20:00:00,68
202501010387,1015046,2025-01-07 01:00:00,6
202501010388,1008045,2025-01-07 08:00:00,6
202501010389,1016560,2025-01-16 22:00:00,68
202501010390,1004967,2025-01-15 05:00:00,68
202501010391,1004967,2025-01-11 21:00:00,68
202501010392,1004967,2025-01-14 07:00:00,68
202501010393,1015143,2025-01-18 11:00:00,6
202501010394,1015143,2025-01-11 03:00:00,30
202501010395,1010005,2025-01-10 19:00:00,128
202501010396,1000495,2025-01-14 23:00:00,30
202501010397,1000495,2025-01-31 03:00:00,30
202501010398,1016696,2025-01-09 16:00:00,648
202501010399,1016696,2025-01-09 22:00:00,30
202501010400,1016696,2025-01-20 08:00:00,648
202501010401,1016696,2025-01-18 04:00:00,128
202501010402,1016696,2025-01-22 06:00:00,648
202501010403,1016696,2025-01-17 08:00:00,648
202501010404,1016696,2025-01-13 01:00:00,328
202501010405,1016759,2025-01-08 20:00:00,648
202501010406,1013582,2025-01-07 12:00:00,6
202501010407,1013603,2025-01-08 21:00:00,6
202501010408,1003209,2025-01-24 02:00:00,30
202501010409,1009341,2025-01-10 18:00:00,6
202501010410,1009388,2025-01-08 09:00:00,30
202501010411,1009388,2025-01-16 15:00:00,30
202501010412,1009388,2025-01-16 17:00:00,6
202501010413,1018010,2025-01-10 00:00:00,68
202501010414,1011365,2025-01-17 19:00:00,30
202501010415,1019543,2025-01-10 00:00:00,30
202501010416,1011363,2025-01-07 03:00:00,6
202501010417,1001063,2025-01-08 13:00:00,30
202501010418,1013201,2025-02-09 02:00:00,30
202501010419,1001926,2025-03-08 11:00:00,6
202501010420,1000631,2025-01-29 11:00:00,30
202501010421,1019027,2025-01-25 04:00:00,30
202501010422,1019027,2025-02-05 05:00:00,6
202501010423,1012762,2025-01-11 13:00:00,68
202501010424,1012762,2025-01-20 10:00:00,6
202501010425,1008949,2025-01-13 19:00:00,30
202501010426,1008949,2025-01-08 12:00:00,128
202501010427,1007410,2025-01-18 12:00:00,68
202501010428,1007410,2025-01-09 21:00:00,30
202501010429,1016345,2025-01-08 09:00:00,30
202501010430,1019190,2025-01-11 17:00:00,68
202501010431,1019707,2025-01-08 14:00:00,6
202501010432,1019707,2025-01-11 19:00:00,30
202501010433,1008319,2025-01-09 20:00:00,30
202501010434,1008319,2025-01-11 03:00:00,6
202501010435,1008319,2025-01-08 14:00:00,30
202501010436,1001383,2025-02-04 04:00:00,30
202501010437,1004472,2025-01-09 23:00:00,30
202501010438,1000985,2025-01-10 02:00:00,6
202501010439,1013778,2025-01-08 06:00:00,30
202501010440,1013778,2025-01-13 23:00:00,6
202501010441,1013778,2025-01-30 12:00:00,30
202501010442,1017968,2025-01-15 16:00:00,6
202501010443,1017968,2025-01-24 14:00:00,6
202501010444,1005933,2025-01-19 20:00:00,30
202501010445,1012311,2025-01-16 15:00:00,6
202501010446,1012311,2025-01-11 09:00:00,30
202501010447,1012311,2025-01-17 18:00:00,6
202501010448,1007711,2025-01-18 10:00:00,30
202501010449,1002611,2025-01-13 14:00:00,6
202501010450,1002611,2025-01-20 09:00:00,30
202501010451,1008373,2025-01-18 16:00:00,30
202501010452,1008373,2025-01-19 06:00:00,68
202501010453,1011017,2025-01-11 12:00:00,30
202501010454,1016905,2025-01-15 12:00:00,68
202501010455,1002554,2025-01-11 15:00:00,30
202501010456,1016968,2025-01-18 11:00:00,30
202501010457,1018630,2025-01-15 20:00:00,128
202501010458,1011166,2025-01-10 04:00:00,30
202501010459,1013943,2025-01-26 12:00:00,6
202501010460,1013943,2025-02-02 18:00:00,30
202501010461,1019826,2025-01-29 00:00:00,6
202501010462,1017129,2025-01-18 04:00:00,30
202501010463,1017214,2025-01-25 12:00:00,6
202501010464,1004532,2025-01-14 08:00:00,6
202501010465,1004532,2025-01-18 08:00:00,68
202501010466,1004581,2025-02-08 16:00:00,648
202501010467,1004581,2025-02-02 15:00:00,648
202501010468,1004581,2025-01-21 00:00:00,648
202501010469,1004581,2025-01-13 09:00:00,328
202501010470,1004581,2025-01-23 11:00:00,328
202501010471,1004581,2025-02-11 20:00:00,328
202501010472,1004581,2025-01-12 16:00:00,128
202501010473,1004581,2025-01-14 08:00:00,648
202501010474,1004581,2025-01-13 06:00:00,328
202501010475,1004581,2025-01-13 08:00:00,648
202501010476,1004581,2025-01-16 18:00:00,648
202501010477,1004581,2025-01-16 03:00:00,128
202501010478,1004581,2025-01-10 14:00:00,128
202501010479,1004581,2025-01-09 16:00:00,128
202501010480,1004581,2025-01-08 14:00:00,648
202501010481,1004581,2025-01-17 21:00:00,648
202501010482,1001118,2025-01-13 03:00:00,6
202501010483,1001118,2025-01-19 03:00:00,30
202501010484,1001118,2025-01-22 05:00:00,30
202501010485,1001118,2025-01-11 22:00:00,68
202501010486,1015422,2025-01-11 23:00:00,30
202501010487,1007678,2025-01-22 15:00:00,68
202501010488,1007678,2025-01-09 02:00:00,30
202501010489,1007678,2025-01-10 10:00:00,30
202501010490,1014651,2025-01-12 15:00:00,30
202501010491,1014651,2025-01-13 12:00:00,6
202501010492,1014113,2025-01-16 16:00:00,30
202501010493,1001109,2025-02-12 03:00:00,6
202501010494,1007820,2025-01-11 06:00:00,68
202501010495,1007820,2025-01-09 01:00:00,6
202501010496,1007820,2025-02-03 07:00:00,30
202501010497,1007820,2025-01-09 16:00:00,68
202501010498,1007667,2025-01-20 23:00:00,30
202501010499,1013225,2025-01-11 10:00:00,30
202501010500,1013225,2025-01-17 10:00:00,6
202501010501,1013225,2025-01-11 17:00:00,30
202501010502,1013225,2025-01-17 21:00:00,30
202501010503,1007476,2025-01-14 11:00:00,6
202501010504,1007476,2025-01-15 22:00:00,30
202501010505,1007476,2025-02-08 00:00:00,30
202501010506,1007476,2025-01-11 01:00:00,30
202501010507,1006375,2025-01-10 02:00:00,30
202501010508,1014910,2025-01-10 08:00:00,30
202501010509,1015012,2025-02-02 14:00:00,68
202501010510,1015012,2025-01-24 00:00:00,328
202501010511,1015012,2025-01-10 05:00:00,30
202501010512,1015012,2025-01-28 01:00:00,30
202501010513,1013741,2025-01-21 04:00:00,30
202501010514,1005691,2025-01-13 23:00:00,30
202501010515,1005691,2025-02-13 02:00:00,30
202501010516,1008247,2025-01-18 22:00:00,648
202501010517,1018586,2025-01-24 22:00:00,6
202501010518,1018586,2025-01-22 16:00:00,30
202501010519,1016596,2025-01-28 02:00:00,6
202501010520,1016596,2025-01-09 09:00:00,30
202501010521,1010048,2025-01-16 18:00:00,30
202501010522,1004688,2025-01-11 21:00:00,30
202501010523,1004688,2025-01-11 17:00:00,30
202501010524,1001405,2025-01-11 17:00:00,30
202501010525,1001405,2025-01-11 23:00:00,6
202501010526,1012266,2025-01-26 00:00:00,68
202501010527,1003990,2025-01-15 20:00:00,6
202501010528,1008426,2025-01-26 03:00:00,30
202501010529,1008426,2025-01-10 19:00:00,6
202501010530,1017994,2025-01-25 09:00:00,6
202501010531,1018139,2025-01-29 18:00:00,30
202501010532,1018139,2025-01-13 12:00:00,68
202501010533,1018139,2025-01-18 02:00:00,30
202501010534,1001426,2025-01-19 17:00:00,30
202501010535,1001426,2025-01-09 08:00:00,30
202501010536,1003827,2025-01-13 05:00:00,6
202501010537,1003827,2025-01-11 06:00:00,6
202501010538,1003849,2025-01-24 23:00:00,30
202501010539,1017723,2025-01-10 03:00:00,6
202501010540,1000432,2025-01-14 01:00:00,6
202501010541,1008870,2025-01-13 02:00:00,68
202501010542,1008870,2025-01-21 20:00:00,6
202501010543,1008007,2025-01-11 06:00:00,6
202501010544,1008007,2025-01-09 21:00:00,6
202501010545,1019579,2025-01-23 13:00:00,128
202501010546,1019579,2025-01-21 13:00:00,30
202501010547,1019579,2025-01-10 22:00:00,68
202501010548,1011974,2025-02-24 01:00:00,68
202501010549,1012862,2025-01-24 09:00:00,30
202501010550,1007041,2025-01-21 09:00:00,6
202501010551,1013208,2025-01-16 08:00:00,30
202501010552,1013208,2025-01-23 10:00:00,30
202501010553,1009034,2025-01-14 05:00:00,30
202501010554,1009144,2025-01-23 10:00:00,6
202501010555,1001593,2025-01-14 14:00:00,30
202501010556,1019104,2025-01-27 17:00:00,30
202501010557,1007198,2025-01-17 08:00:00,30
202501010558,1007198,2025-01-26 19:00:00,30
202501010559,1007198,2025-01-12 21:00:00,30
202501010560,1007198,2025-01-12 04:00:00,30
202501010561,1002349,2025-02-11 17:00:00,6
202501010562,1002349,2025-01-18 07:00:00,30
202501010563,1002349,2025-01-13 17:00:00,6
202501010564,1013231,2025-02-25 15:00:00,6
202501010565,1013231,2025-01-22 08:00:00,30
202501010566,1002328,2025-01-12 12:00:00,6
202501010567,1004924,2025-01-29 00:00:00,6
202501010568,1004924,2025-01-16 01:00:00,6
202501010569,1016222,2025-01-13 13:00:00,30
202501010570,1010232,2025-01-14 08:00:00,68
202501010571,1010232,2025-01-13 12:00:00,6
202501010572,1016711,2025-01-10 02:00:00,6
202501010573,1016711,2025-01-15 21:00:00,6
202501010574,1016711,2025-01-17 15:00:00,6
202501010575,1005567,2025-01-24 05:00:00,6
202501010576,1005567,2025-02-08 13:00:00,30
202501010577,1000856,2025-01-15 03:00:00,30
202501010578,1001327,2025-01-11 20:00:00,30
202501010579,1012590,2025-02-21 09:00:00,30
202501010580,1016040,2025-01-25 05:00:00,30
202501010581,1016040,2025-01-11 07:00:00,6
202501010582,1007359,2025-01-11 03:00:00,30
202501010583,1017660,2025-01-11 05:00:00,30
202501010584,1004119,2025-01-14 11:00:00,30
202501010585,1004119,2025-01-16 09:00:00,30
202501010586,1004119,2025-01-10 01:00:00,30
202501010587,1004108,2025-01-29 09:00:00,6
202501010588,1007017,2025-01-16 15:00:00,6
202501010589,1000466,2025-01-13 14:00:00,30
202501010590,1001380,2025-01-11 01:00:00,30
202501010591,1012139,2025-01-17 22:00:00,30
202501010592,1006872,2025-01-13 08:00:00,6
202501010593,1012029,2025-01-11 13:00:00,30
202501010594,1001452,2025-01-22 19:00:00,30
202501010595,1000457,2025-01-12 16:00:00,30
202501010596,1000457,2025-01-13 11:00:00,30
202501010597,1017966,2025-01-13 07:00:00,30
202501010598,1017966,2025-01-16 04:00:00,30
202501010599,1017966,2025-01-27 00:00:00,30
202501010600,1001850,2025-01-20 08:00:00,6
202501010601,1008274,2025-01-23 08:00:00,6
202501010602,1000585,2025-01-13 03:00:00,30
202501010603,1008219,2025-02-16 13:00:00,6
202501010604,1019235,2025-01-17 18:00:00,30
202501010605,1019207,2025-01-13 18:00:00,68
202501010606,1018580,2025-01-28 21:00:00,6
202501010607,1006263,2025-01-22 07:00:00,6
202501010608,1014446,2025-01-12 12:00:00,6
202501010609,1005498,2025-01-13 02:00:00,6
202501010610,1006391,2025-01-11 12:00:00,68
202501010611,1010444,2025-01-18 03:00:00,6
202501010612,1010444,2025-01-16 23:00:00,68
202501010613,1011001,2025-01-15 12:00:00,30
202501010614,1011814,2025-02-01 16:00:00,6
202501010615,1011092,2025-01-19 12:00:00,30
202501010616,1011092,2025-01-15 17:00:00,68
202501010617,1001999,2025-01-14 14:00:00,6
202501010618,1001999,2025-02-24 23:00:00,6
202501010619,1009005,2025-01-12 03:00:00,30
202501010620,1009005,2025-02-08 01:00:00,6
202501010621,1009921,2025-01-25 04:00:00,6
202501010622,1007307,2025-01-12 04:00:00,6
202501010623,1010946,2025-01-12 20:00:00,6
202501010624,1010946,2025-02-05 12:00:00,68
202501010625,1010946,2025-01-16 08:00:00,30
202501010626,1008375,2025-01-19 22:00:00,6
202501010627,1014305,2025-01-21 19:00:00,68
202501010628,1001071,2025-01-17 12:00:00,68
202501010629,1017685,2025-01-19 14:00:00,6
202501010630,1014537,2025-01-17 05:00:00,30
202501010631,1014537,2025-02-02 21:00:00,30
202501010632,1002950,2025-01-12 03:00:00,6
202501010633,1003940,2025-01-19 13:00:00,30
202501010634,1003940,2025-01-14 13:00:00,6
202501010635,1003940,2025-01-15 04:00:00,30
202501010636,1003940,2025-01-22 08:00:00,6
202501010637,1018053,2025-01-19 06:00:00,30
202501010638,1013930,2025-01-22 01:00:00,30
202501010639,1013903,2025-02-09 20:00:00,648
202501010640,1013903,2025-01-15 12:00:00,68
202501010641,1013903,2025-01-12 07:00:00,648
202501010642,1013903,2025-01-14 20:00:00,328
202501010643,1013903,2025-03-04 15:00:00,68
202501010644,1013903,2025-01-22 02:00:00,648
202501010645,1013903,2025-01-18 16:00:00,648
202501010646,1013903,2025-01-18 09:00:00,648
202501010647,1004085,2025-01-13 13:00:00,30
202501010648,1004085,2025-01-24 21:00:00,30
202501010649,1004085,2025-01-18 05:00:00,30
202501010650,1004085,2025-01-14 14:00:00,6
202501010651,1005472,2025-01-31 03:00:00,6
202501010652,1015343,2025-01-17 04:00:00,30
202501010653,1000787,2025-01-20 21:00:00,30
202501010654,1016083,2025-01-24 11:00:00,6
202501010655,1004660,2025-01-16 14:00:00,128
202501010656,1005781,2025-01-13 08:00:00,6
202501010657,1015251,2025-01-23 00:00:00,6
202501010658,1015251,2025-01-18 22:00:00,6
202501010659,1012501,2025-01-22 06:00:00,30
202501010660,1012505,2025-02-04 08:00:00,30
202501010661,1019399,2025-02-01 22:00:00,30
202501010662,1019399,2025-01-16 07:00:00,30
202501010663,1019399,2025-01-12 12:00:00,68
202501010664,1001395,2025-01-18 20:00:00,6
202501010665,1001395,2025-01-26 04:00:00,6
202501010666,1012434,2025-01-26 16:00:00,6
202501010667,1012434,2025-01-13 03:00:00,68
202501010668,1012434,2025-02-22 12:00:00,328
202501010669,1013160,2025-02-17 06:00:00,30
202501010670,1013235,2025-01-16 21:00:00,30
202501010671,1013235,2025-01-17 15:00:00,68
202501010672,1008918,2025-01-15 00:00:00,30
202501010673,1008918,2025-02-05 02:00:00,30
202501010674,1008918,2025-01-19 22:00:00,6
202501010675,1019721,2025-02-08 00:00:00,6
202501010676,1019721,2025-01-24 02:00:00,68
202501010677,1019721,2025-01-19 16:00:00,68
202501010678,1019721,2025-02-05 06:00:00,30
202501010679,1010129,2025-01-19 02:00:00,30
202501010680,1008955,2025-01-22 06:00:00,30
202501010681,1018062,2025-01-27 04:00:00,6
202501010682,1018062,2025-02-09 14:00:00,30
202501010683,1000274,2025-01-31 05:00:00,30
202501010684,1000274,2025-01-19 23:00:00,6
202501010685,1018416,2025-01-14 04:00:00,30
202501010686,1018416,2025-01-19 20:00:00,30
202501010687,1009345,2025-03-14 10:00:00,30
202501010688,1009345,2025-01-17 00:00:00,6
202501010689,1000322,2025-01-13 08:00:00,128
202501010690,1000322,2025-01-13 19:00:00,68
202501010691,1004492,2025-01-28 14:00:00,68
202501010692,1004492,2025-01-17 17:00:00,68
202501010693,1017258,2025-02-08 10:00:00,128
202501010694,1017258,2025-02-03 08:00:00,6
202501010695,1017339,2025-01-22 12:00:00,30
202501010696,1017339,2025-03-09 13:00:00,30
202501010697,1009143,2025-01-26 22:00:00,6
202501010698,1009143,2025-01-15 18:00:00,6
202501010699,1009705,2025-01-24 15:00:00,6
202501010700,1019081,2025-01-14 05:00:00,128
202501010701,1001666,2025-01-18 00:00:00,6
202501010702,1001666,2025-01-15 18:00:00,6
202501010703,1006825,2025-01-13 05:00:00,6
202501010704,1002441,2025-01-24 18:00:00,128
202501010705,1002441,2025-01-29 14:00:00,30
202501010706,1005888,2025-01-15 22:00:00,68
202501010707,1005888,2025-01-22 06:00:00,30
202501010708,1005888,2025-01-16 06:00:00,30
202501010709,1005888,2025-01-28 10:00:00,30
202501010710,1007825,2025-01-14 00:00:00,30
202501010711,1007813,2025-01-16 04:00:00,68
202501010712,1012689,2025-01-13 15:00:00,128
202501010713,1013770,2025-01-13 15:00:00,30
202501010714,1010607,2025-01-28 23:00:00,30
202501010715,1002734,2025-01-20 01:00:00,6
202501010716,1002734,2025-01-15 13:00:00,30
202501010717,1002734,2025-02-12 02:00:00,6
202501010718,1005264,2025-01-17 10:00:00,30
202501010719,1011836,2025-01-16 21:00:00,30
202501010720,1011836,2025-02-04 09:00:00,6
202501010721,1011805,2025-02-04 19:00:00,6
202501010722,1015606,2025-01-16 00:00:00,648
202501010723,1012141,2025-01-13 10:00:00,30
202501010724,1012141,2025-01-15 00:00:00,30
202501010725,1012141,2025-01-17 18:00:00,30
202501010726,1012141,2025-01-16 16:00:00,6
202501010727,1001694,2025-01-16 04:00:00,6
202501010728,1007363,2025-01-19 22:00:00,6
202501010729,1011704,2025-01-22 15:00:00,30
202501010730,1011704,2025-01-28 19:00:00,30
202501010731,1019831,2025-01-29 01:00:00,30
202501010732,1019831,2025-01-14 18:00:00,6
202501010733,1019831,2025-01-14 20:00:00,6
202501010734,1018873,2025-01-21 20:00:00,30
202501010735,1018873,2025-01-24 02:00:00,6
202501010736,1001270,2025-01-14 07:00:00,30
202501010737,1019080,2025-01-15 18:00:00,128
202501010738,1014747,2025-01-19 07:00:00,6
202501010739,1017082,2025-01-25 21:00:00,6
202501010740,1015467,2025-01-21 14:00:00,30
202501010741,1015467,2025-01-21 20:00:00,30
202501010742,1017948,2025-01-18 13:00:00,30
202501010743,1017948,2025-01-18 04:00:00,30
202501010744,1017948,2025-01-18 14:00:00,6
202501010745,1017948,2025-01-19 09:00:00,6
202501010746,1013607,2025-02-13 02:00:00,30
202501010747,1013648,2025-01-18 12:00:00,6
202501010748,1018195,2025-02-19 21:00:00,6
202501010749,1014660,2025-01-14 19:00:00,30
202501010750,1014064,2025-01-16 03:00:00,6
202501010751,1003654,2025-02-14 21:00:00,6
202501010752,1003672,2025-01-14 09:00:00,30
202501010753,1003672,2025-01-24 10:00:00,6
202501010754,1002969,2025-03-15 07:00:00,6
202501010755,1008211,2025-01-19 12:00:00,30
202501010756,1002123,2025-01-27 07:00:00,68
202501010757,1003312,2025-01-20 15:00:00,30
202501010758,1006109,2025-01-22 00:00:00,30
202501010759,1004429,2025-01-17 03:00:00,30
202501010760,1007537,2025-01-18 18:00:00,6
202501010761,1007537,2025-01-22 11:00:00,68
202501010762,1007299,2025-02-06 02:00:00,30
202501010763,1007299,2025-01-24 14:00:00,6
202501010764,1004641,2025-01-14 16:00:00,30
202501010765,1004500,2025-01-15 09:00:00,30
202501010766,1004500,2025-01-15 01:00:00,30
202501010767,1004500,2025-01-14 00:00:00,6
202501010768,1006763,2025-01-23 17:00:00,30
202501010769,1007956,2025-01-15 10:00:00,30
202501010770,1007956,2025-01-24 14:00:00,30
202501010771,1007956,2025-01-16 04:00:00,6
202501010772,1006975,2025-01-16 08:00:00,6
202501010773,1007765,2025-01-20 12:00:00,648
202501010774,1007765,2025-01-19 01:00:00,328
202501010775,1007765,2025-01-14 10:00:00,648
202501010776,1007765,2025-01-21 20:00:00,328
202501010777,1007765,2025-01-25 03:00:00,648
202501010778,1007765,2025-02-03 01:00:00,128
202501010779,1007765,2025-01-23 21:00:00,648
202501010780,1001341,2025-01-21 02:00:00,68
202501010781,1018003,2025-01-16 01:00:00,30
202501010782,1018003,2025-01-27 19:00:00,30
202501010783,1009665,2025-01-30 19:00:00,30
202501010784,1009665,2025-01-17 09:00:00,6
202501010785,1004058,2025-01-17 02:00:00,68
202501010786,1004058,2025-02-10 14:00:00,6
202501010787,1015150,2025-02-12 08:00:00,30
202501010788,1015150,2025-01-24 13:00:00,30
202501010789,1018071,2025-01-16 13:00:00,30
202501010790,1007797,2025-01-19 00:00:00,30
202501010791,1007797,2025-01-16 17:00:00,68
202501010792,1007736,2025-02-11 03:00:00,6
202501010793,1008920,2025-01-28 22:00:00,68
202501010794,1015721,2025-01-21 07:00:00,68
202501010795,1010074,2025-01-19 12:00:00,68
202501010796,1013274,2025-01-17 13:00:00,128
202501010797,1013274,2025-01-15 22:00:00,6
202501010798,1013274,2025-01-21 05:00:00,68
202501010799,1013274,2025-01-26 18:00:00,68
202501010800,1005359,2025-01-28 23:00:00,30
202501010801,1005359,2025-01-28 23:00:00,6
202501010802,1005359,2025-01-16 16:00:00,30
202501010803,1013179,2025-01-28 01:00:00,30
202501010804,1005302,2025-01-15 15:00:00,30
202501010805,1008278,2025-02-04 08:00:00,68
202501010806,1015322,2025-01-18 02:00:00,6
202501010807,1019913,2025-01-17 11:00:00,30
202501010808,1012149,2025-03-08 10:00:00,68
202501010809,1017140,2025-02-07 16:00:00,6
202501010810,1016648,2025-02-18 05:00:00,328
202501010811,1016648,2025-01-21 13:00:00,128
202501010812,1016648,2025-01-18 02:00:00,648
202501010813,1016648,2025-02-08 17:00:00,648
202501010814,1016648,2025-01-24 13:00:00,328
202501010815,1016648,2025-01-23 23:00:00,328
202501010816,1016648,2025-01-26 07:00:00,328
202501010817,1016648,2025-01-21 07:00:00,648
202501010818,1016648,2025-01-16 12:00:00,128
202501010819,1016648,2025-01-25 00:00:00,648
202501010820,1016648,2025-01-15 13:00:00,328
202501010821,1016648,2025-01-30 11:00:00,128
202501010822,1016648,2025-01-16 04:00:00,648
202501010823,1016648,2025-01-22 08:00:00,648
202501010824,1016648,2025-01-17 02:00:00,648
202501010825,1016648,2025-01-28 02:00:00,328
202501010826,1016648,2025-01-25 16:00:00,328
202501010827,1016648,2025-02-14 23:00:00,648
202501010828,1016648,2025-01-15 17:00:00,328
202501010829,1016648,2025-01-25 17:00:00,648
202501010830,1016648,2025-01-20 23:00:00,648
202501010831,1016648,2025-01-27 04:00:00,328
202501010832,1012310,2025-01-20 01:00:00,68
202501010833,1012310,2025-01-24 16:00:00,68
202501010834,1013938,2025-01-21 09:00:00,68
202501010835,1013938,2025-01-26 22:00:00,68
202501010836,1013938,2025-01-20 11:00:00,6
202501010837,1013938,2025-01-18 23:00:00,30
202501010838,1011278,2025-01-18 15:00:00,30
202501010839,1000566,2025-02-10 16:00:00,6
202501010840,1007273,2025-01-22 20:00:00,6
202501010841,1007273,2025-01-15 03:00:00,30
202501010842,1007273,2025-01-21 03:00:00,30
202501010843,1015607,2025-03-05 21:00:00,30
202501010844,1011784,2025-01-18 08:00:00,128
202501010845,1011784,2025-01-26 01:00:00,30
202501010846,1013051,2025-02-22 02:00:00,6
202501010847,1015869,2025-02-17 18:00:00,328
202501010848,1013280,2025-01-17 06:00:00,30
202501010849,1003751,2025-02-02 02:00:00,6
202501010850,1005289,2025-01-17 05:00:00,30
202501010851,1005289,2025-02-10 02:00:00,30
202501010852,1005289,2025-01-18 06:00:00,6
202501010853,1005289,2025-01-17 19:00:00,6
202501010854,1016993,2025-01-19 18:00:00,30
202501010855,1001795,2025-01-16 04:00:00,6
202501010856,1015687,2025-03-15 02:00:00,30
202501010857,1015687,2025-01-22 17:00:00,6
202501010858,1011120,2025-02-01 00:00:00,30
202501010859,1011120,2025-01-30 00:00:00,68
202501010860,1017534,2025-01-21 00:00:00,30
202501010861,1017943,2025-01-28 13:00:00,30
202501010862,1011148,2025-01-21 07:00:00,30
202501010863,1016407,2025-02-07 08:00:00,6
202501010864,1000413,2025-02-03 12:00:00,30
202501010865,1007654,2025-01-19 14:00:00,6
202501010866,1010971,2025-01-18 21:00:00,6
202501010867,1010971,2025-01-29 09:00:00,30
202501010868,1011509,2025-02-04 00:00:00,68
202501010869,1016010,2025-02-16 19:00:00,68
202501010870,1017347,2025-01-29 20:00:00,128
202501010871,1006012,2025-01-17 19:00:00,6
202501010872,1017394,2025-01-16 14:00:00,30
202501010873,1017394,2025-01-16 10:00:00,30
202501010874,1012799,2025-02-11 09:00:00,30
202501010875,1003142,2025-01-24 19:00:00,30
202501010876,1019369,2025-02-18 01:00:00,30
202501010877,1019369,2025-01-17 18:00:00,128
202501010878,1003301,2025-01-16 14:00:00,68
202501010879,1001929,2025-01-19 17:00:00,6
202501010880,1008934,2025-02-02 18:00:00,6
202501010881,1015401,2025-01-18 05:00:00,30
202501010882,1015401,2025-01-23 13:00:00,6
202501010883,1014214,2025-01-20 13:00:00,30
202501010884,1014214,2025-01-19 10:00:00,6
202501010885,1014642,2025-02-01 00:00:00,6
202501010886,1014655,2025-01-26 09:00:00,68
202501010887,1005879,2025-02-20 05:00:00,6
202501010888,1005879,2025-01-25 02:00:00,30
202501010889,1015181,2025-01-20 22:00:00,30
202501010890,1013653,2025-01-25 03:00:00,30
202501010891,1003369,2025-01-21 17:00:00,6
202501010892,1009973,2025-01-17 01:00:00,30
202501010893,1009973,2025-01-27 19:00:00,6
202501010894,1009973,2025-01-24 03:00:00,30
202501010895,1009973,2025-01-29 00:00:00,6
202501010896,1002991,2025-02-02 21:00:00,30
202501010897,1002991,2025-01-24 22:00:00,30
202501010898,1017722,2025-01-17 23:00:00,6
202501010899,1005014,2025-01-20 06:00:00,30
202501010900,1006357,2025-01-18 18:00:00,30
202501010901,1009488,2025-02-08 01:00:00,128
202501010902,1011529,2025-01-17 17:00:00,30
202501010903,1011529,2025-02-18 08:00:00,30
202501010904,1011529,2025-01-29 05:00:00,30
202501010905,1007330,2025-02-01 16:00:00,68
202501010906,1007330,2025-02-08 12:00:00,6
202501010907,1007330,2025-01-20 07:00:00,6
202501010908,1007330,2025-02-04 07:00:00,6
202501010909,1017570,2025-02-09 02:00:00,6
202501010910,1017570,2025-02-03 14:00:00,6
202501010911,1008498,2025-01-21 12:00:00,6
202501010912,1008498,2025-01-17 10:00:00,30
202501010913,1009362,2025-02-08 17:00:00,30
202501010914,1019586,2025-01-22 15:00:00,6
202501010915,1012143,2025-03-02 23:00:00,30
202501010916,1019587,2025-01-30 23:00:00,68
202501010917,1006380,2025-01-22 19:00:00,30
202501010918,1006380,2025-01-30 05:00:00,30
202501010919,1006380,2025-01-28 07:00:00,6
202501010920,1008035,2025-01-28 10:00:00,30
202501010921,1008035,2025-01-18 01:00:00,6
202501010922,1015974,2025-01-23 08:00:00,68
202501010923,1018599,2025-01-30 09:00:00,6
202501010924,1018599,2025-01-22 23:00:00,30
202501010925,1018599,2025-01-22 23:00:00,30
202501010926,1018599,2025-01-18 16:00:00,30
202501010927,1010572,2025-01-29 12:00:00,68
202501010928,1008090,2025-01-18 21:00:00,328
202501010929,1008090,2025-02-08 19:00:00,648
202501010930,1008090,2025-02-10 10:00:00,328
202501010931,1008090,2025-01-20 07:00:00,128
202501010932,1008090,2025-01-21 08:00:00,648
202501010933,1008090,2025-01-24 05:00:00,128
202501010934,1008090,2025-01-31 10:00:00,328
202501010935,1008090,2025-01-17 03:00:00,648
202501010936,1008090,2025-02-27 19:00:00,648
202501010937,1008090,2025-01-23 12:00:00,648
202501010938,1008090,2025-01-20 21:00:00,328
202501010939,1008090,2025-01-24 10:00:00,648
202501010940,1008090,2025-02-02 04:00:00,328
202501010941,1008090,2025-01-31 00:00:00,648
202501010942,1008090,2025-01-17 19:00:00,328
202501010943,1008090,2025-01-20 05:00:00,648
202501010944,1008090,2025-01-28 11:00:00,128
202501010945,1008090,2025-02-08 01:00:00,68
202501010946,1008090,2025-02-16 15:00:00,648
202501010947,1008090,2025-01-20 07:00:00,328
202501010948,1008090,2025-01-18 02:00:00,30
202501010949,1008090,2025-01-22 07:00:00,128
202501010950,1008090,2025-01-23 20:00:00,648
202501010951,1008090,2025-01-24 04:00:00,648
202501010952,1008090,2025-01-29 12:00:00,328
202501010953,1008090,2025-01-26 13:00:00,328
202501010954,1008090,2025-01-21 15:00:00,648
202501010955,1008090,2025-01-28 00:00:00,648
202501010956,1008090,2025-01-26 05:00:00,648
202501010957,1008090,2025-01-23 01:00:00,328
202501010958,1008090,2025-01-29 15:00:00,648
202501010959,1008090,2025-01-17 10:00:00,648
202501010960,1008090,2025-01-23 19:00:00,648
202501010961,1008090,2025-01-28 21:00:00,648
202501010962,1008090,2025-01-21 06:00:00,328
202501010963,1003139,2025-01-30 11:00:00,30
202501010964,1003139,2025-01-19 23:00:00,30
202501010965,1003139,2025-01-23 04:00:00,30
202501010966,1004081,2025-02-06 08:00:00,6
202501010967,1004081,2025-02-10 18:00:00,6
202501010968,1004081,2025-01-29 23:00:00,30
202501010969,1013303,2025-01-29 13:00:00,6
202501010970,1013303,2025-01-27 13:00:00,6
202501010971,1013303,2025-01-25 18:00:00,30
202501010972,1007906,2025-01-19 04:00:00,6
202501010973,1010399,2025-01-31 09:00:00,30
202501010974,1001838,2025-02-06 16:00:00,68
202501010975,1004041,2025-02-02 16:00:00,68
202501010976,1005542,2025-01-23 20:00:00,6
202501010977,1000626,2025-01-23 14:00:00,6
202501010978,1000626,2025-01-18 16:00:00,6
202501010979,1010259,2025-01-24 00:00:00,30
202501010980,1011292,2025-02-17 23:00:00,6
202501010981,1011267,2025-01-25 16:00:00,128
202501010982,1001972,2025-01-22 15:00:00,68
202501010983,1006051,2025-02-12 18:00:00,30
202501010984,1018645,2025-02-04 03:00:00,68
202501010985,1019720,2025-01-24 06:00:00,68
202501010986,1018780,2025-01-29 15:00:00,68
202501010987,1018780,2025-02-02 10:00:00,6
202501010988,1008989,2025-01-21 08:00:00,30
202501010989,1010028,2025-02-05 22:00:00,68
202501010990,1010028,2025-01-25 04:00:00,30
202501010991,1010028,2025-01-20 19:00:00,30
202501010992,1015529,2025-01-21 08:00:00,6
202501010993,1015529,2025-01-24 13:00:00,68
202501010994,1015529,2025-01-25 11:00:00,30
202501010995,1015529,2025-01-18 02:00:00,68
202501010996,1000616,2025-01-27 09:00:00,68
202501010997,1013378,2025-01-18 12:00:00,30
202501010998,1017358,2025-02-03 10:00:00,328
202501010999,1017358,2025-01-26 04:00:00,648
202501011000,1017358,2025-01-24 16:00:00,648
202501011001,1017358,2025-01-22 18:00:00,128
202501011002,1017358,2025-01-29 18:00:00,648
202501011003,1017358,2025-01-20 20:00:00,648
202501011004,1017358,2025-01-19 06:00:00,648
202501011005,1017358,2025-01-24 02:00:00,328
202501011006,1017358,2025-01-25 23:00:00,328
202501011007,1011966,2025-01-19 02:00:00,68
202501011008,1011597,2025-01-22 06:00:00,6
202501011009,1011597,2025-01-24 09:00:00,30
202501011010,1013733,2025-01-21 00:00:00,6
202501011011,1013733,2025-01-23 18:00:00,30
202501011012,1013733,2025-01-19 22:00:00,30
202501011013,1006307,2025-01-18 14:00:00,68
202501011014,1006307,2025-01-25 06:00:00,648
202501011015,1006307,2025-01-18 01:00:00,328
202501011016,1006307,2025-01-19 19:00:00,128
202501011017,1006307,2025-02-14 05:00:00,648
202501011018,1006307,2025-02-01 08:00:00,128
202501011019,1006307,2025-01-20 22:00:00,648
202501011020,1006307,2025-01-27 21:00:00,648
202501011021,1017924,2025-01-19 01:00:00,30
202501011022,1018226,2025-01-21 08:00:00,6
202501011023,1007942,2025-01-19 11:00:00,30
202501011024,1016331,2025-01-22 14:00:00,6
202501011025,1013841,2025-01-29 02:00:00,30
202501011026,1013685,2025-01-24 03:00:00,30
202501011027,1013685,2025-01-31 13:00:00,68
202501011028,1004147,2025-01-28 20:00:00,30
202501011029,1017984,2025-01-18 09:00:00,6
202501011030,1017984,2025-01-22 06:00:00,6
202501011031,1017984,2025-01-19 07:00:00,30
202501011032,1017984,2025-02-08 13:00:00,6
202501011033,1016178,2025-01-26 20:00:00,6
202501011034,1016178,2025-01-19 19:00:00,30
202501011035,1002751,2025-02-02 16:00:00,30
202501011036,1009438,2025-01-22 08:00:00,6
202501011037,1015314,2025-02-01 09:00:00,30
202501011038,1007037,2025-01-25 19:00:00,6
202501011039,1006783,2025-01-21 06:00:00,30
202501011040,1006683,2025-01-22 22:00:00,68
202501011041,1006683,2025-02-06 10:00:00,30
202501011042,1006459,2025-01-25 19:00:00,6
202501011043,1016607,2025-01-24 12:00:00,30
202501011044,1007166,2025-01-19 05:00:00,6
202501011045,1014387,2025-02-24 08:00:00,30
202501011046,1013168,2025-01-20 10:00:00,6
202501011047,1007120,2025-01-27 15:00:00,30
202501011048,1016415,2025-01-21 20:00:00,68
202501011049,1012381,2025-03-03 16:00:00,30
202501011050,1016828,2025-01-27 21:00:00,6
202501011051,1006993,2025-01-23 08:00:00,6
202501011052,1015990,2025-01-27 18:00:00,6
202501011053,1006722,2025-02-20 02:00:00,648
202501011054,1010388,2025-01-22 09:00:00,30
202501011055,1019244,2025-02-20 22:00:00,30
202501011056,1003571,2025-01-21 17:00:00,30
202501011057,1003571,2025-01-19 19:00:00,6
202501011058,1010351,2025-01-25 13:00:00,30
202501011059,1019438,2025-01-30 19:00:00,6
202501011060,1011527,2025-01-19 20:00:00,68
202501011061,1009512,2025-01-19 16:00:00,30
202501011062,1000130,2025-01-21 21:00:00,328
202501011063,1000130,2025-01-19 06:00:00,128
202501011064,1000130,2025-02-20 04:00:00,648
202501011065,1000130,2025-01-25 16:00:00,328
202501011066,1000130,2025-01-31 04:00:00,648
202501011067,1000130,2025-02-09 10:00:00,328
202501011068,1000130,2025-01-20 20:00:00,648
202501011069,1000130,2025-02-08 09:00:00,128
202501011070,1000130,2025-01-28 00:00:00,648
202501011071,1000130,2025-01-23 09:00:00,328
202501011072,1000130,2025-01-23 11:00:00,128
202501011073,1000130,2025-01-23 09:00:00,328
202501011074,1000130,2025-01-21 23:00:00,648
202501011075,1000130,2025-01-22 06:00:00,648
202501011076,1010159,2025-01-31 11:00:00,68
202501011077,1018896,2025-01-19 05:00:00,68
202501011078,1018896,2025-01-23 23:00:00,30
202501011079,1018896,2025-01-20 07:00:00,6
202501011080,1009746,2025-02-03 14:00:00,6
202501011081,1009746,2025-02-06 18:00:00,30
202501011082,1009746,2025-01-24 09:00:00,6
202501011083,1008300,2025-01-21 16:00:00,6
202501011084,1007749,2025-01-27 12:00:00,68
202501011085,1007749,2025-02-02 22:00:00,30
202501011086,1010968,2025-02-03 11:00:00,30
202501011087,1003072,2025-02-04 20:00:00,30
202501011088,1008900,2025-01-19 10:00:00,6
202501011089,1011618,2025-01-21 11:00:00,68
202501011090,1011618,2025-01-24 06:00:00,68
202501011091,1011618,2025-01-20 02:00:00,128
202501011092,1011618,2025-01-21 17:00:00,30
202501011093,1019502,2025-01-20 23:00:00,6
202501011094,1002091,2025-01-21 17:00:00,68
202501011095,1002091,2025-01-19 15:00:00,6
202501011096,1002091,2025-02-01 18:00:00,6
202501011097,1002091,2025-02-13 02:00:00,30
202501011098,1019528,2025-02-04 06:00:00,30
202501011099,1010617,2025-01-21 20:00:00,30
202501011100,1010617,2025-01-27 13:00:00,6
202501011101,1010617,2025-01-25 09:00:00,30
202501011102,1005008,2025-01-21 18:00:00,68
202501011103,1007800,2025-01-26 20:00:00,68
202501011104,1007800,2025-01-29 22:00:00,30
202501011105,1013204,2025-01-22 23:00:00,6
202501011106,1013204,2025-03-02 14:00:00,30
202501011107,1013204,2025-01-27 20:00:00,6
202501011108,1013066,2025-01-29 08:00:00,6
202501011109,1018383,2025-01-27 21:00:00,30
202501011110,1018383,2025-02-02 02:00:00,30
202501011111,1009238,2025-03-10 10:00:00,128
202501011112,1013912,2025-01-31 18:00:00,30
202501011113,1013912,2025-01-27 11:00:00,68
202501011114,1013912,2025-01-20 20:00:00,68
202501011115,1005954,2025-02-08 19:00:00,6
202501011116,1019957,2025-01-22 21:00:00,30
202501011117,1008753,2025-02-12 07:00:00,30
202501011118,1008753,2025-01-20 21:00:00,30
202501011119,1014245,2025-01-22 23:00:00,6
202501011120,1014245,2025-01-22 11:00:00,6
202501011121,1000179,2025-01-23 06:00:00,68
202501011122,1006527,2025-02-19 04:00:00,648
202501011123,1006527,2025-01-21 20:00:00,6
202501011124,1006527,2025-02-02 09:00:00,30
202501011125,1006527,2025-02-02 14:00:00,30
202501011126,1015080,2025-01-24 10:00:00,6
202501011127,1015080,2025-01-21 19:00:00,30
202501011128,1015080,2025-01-31 21:00:00,68
202501011129,1008414,2025-01-31 05:00:00,30
202501011130,1009467,2025-02-07 00:00:00,6
202501011131,1005562,2025-01-22 23:00:00,68
202501011132,1005562,2025-02-12 15:00:00,30
202501011133,1016876,2025-01-23 23:00:00,68
202501011134,1016876,2025-01-23 23:00:00,68
202501011135,1016876,2025-01-20 09:00:00,6
202501011136,1017815,2025-01-21 20:00:00,30
202501011137,1017815,2025-01-23 10:00:00,6
202501011138,1002377,2025-01-25 16:00:00,6
202501011139,1002377,2025-01-23 16:00:00,68
202501011140,1002377,2025-02-25 18:00:00,30
202501011141,1002377,2025-01-20 05:00:00,30
202501011142,1012003,2025-01-27 02:00:00,6
202501011143,1012003,2025-01-22 20:00:00,6
202501011144,1012003,2025-01-24 11:00:00,30
202501011145,1004792,2025-02-02 08:00:00,6
202501011146,1007426,2025-02-09 16:00:00,6
202501011147,1007426,2025-01-23 19:00:00,68
202501011148,1007426,2025-03-21 14:00:00,30
202501011149,1007426,2025-01-22 20:00:00,30
202501011150,1004328,2025-02-01 06:00:00,30
202501011151,1004328,2025-01-22 00:00:00,30
202501011152,1011861,2025-01-20 23:00:00,30
202501011153,1011861,2025-01-22 08:00:00,68
202501011154,1017382,2025-01-28 09:00:00,30
202501011155,1017382,2025-01-21 03:00:00,68
202501011156,1017382,2025-01-23 01:00:00,6
202501011157,1000160,2025-02-08 16:00:00,6
202501011158,1004776,2025-01-27 11:00:00,6
202501011159,1013351,2025-01-21 07:00:00,6
202501011160,1007586,2025-01-22 19:00:00,6
202501011161,1005351,2025-01-25 14:00:00,6
202501011162,1005351,2025-02-06 06:00:00,30
202501011163,1019001,2025-02-08 13:00:00,6
202501011164,1008311,2025-01-29 09:00:00,6
202501011165,1013554,2025-01-24 15:00:00,30
202501011166,1006480,2025-02-04 13:00:00,30
202501011167,1014645,2025-02-13 01:00:00,30
202501011168,1014645,2025-01-21 09:00:00,68
202501011169,1006080,2025-02-01 07:00:00,6
202501011170,1011871,2025-01-31 17:00:00,128
202501011171,1005806,2025-02-06 07:00:00,30
202501011172,1005806,2025-02-03 20:00:00,68
202501011173,1016879,2025-01-24 08:00:00,30
202501011174,1019977,2025-01-25 14:00:00,6
202501011175,1000010,2025-01-21 13:00:00,68
202501011176,1008957,2025-01-23 21:00:00,30
202501011177,1008957,2025-01-28 15:00:00,6
202501011178,1008957,2025-02-16 02:00:00,128
202501011179,1008957,2025-03-14 17:00:00,6
202501011180,1015005,2025-02-26 07:00:00,6
202501011181,1015005,2025-01-23 12:00:00,128
202501011182,1004444,2025-01-24 02:00:00,68
202501011183,1004444,2025-01-25 01:00:00,6
202501011184,1004444,2025-02-07 21:00:00,6
202501011185,1004444,2025-02-06 16:00:00,68
202501011186,1006283,2025-01-21 10:00:00,6
202501011187,1009400,2025-02-02 17:00:00,6
202501011188,1007232,2025-01-28 09:00:00,6
202501011189,1014846,2025-02-10 14:00:00,6
202501011190,1008520,2025-01-21 18:00:00,6
202501011191,1011567,2025-01-31 01:00:00,30
202501011192,1006184,2025-01-21 17:00:00,30
202501011193,1013909,2025-02-12 21:00:00,6
202501011194,1017897,2025-02-16 22:00:00,30
202501011195,1010247,2025-02-05 15:00:00,6
202501011196,1010247,2025-01-26 12:00:00,30
202501011197,1004237,2025-02-06 08:00:00,30
202501011198,1006869,2025-01-31 15:00:00,68
202501011199,1006869,2025-01-29 18:00:00,6
202501011200,1012950,2025-01-28 17:00:00,6
202501011201,1018253,2025-02-12 15:00:00,68
202501011202,1010978,2025-01-27 03:00:00,68
202501011203,1002423,2025-03-12 12:00:00,6
202501011204,1012746,2025-02-11 18:00:00,68
202501011205,1001701,2025-01-25 08:00:00,30
202501011206,1008635,2025-01-22 23:00:00,30
202501011207,1019713,2025-03-22 08:00:00,6
202501011208,1001643,2025-02-05 06:00:00,30
202501011209,1001643,2025-01-27 01:00:00,30
202501011210,1007715,2025-02-03 04:00:00,30
202501011211,1007715,2025-02-02 12:00:00,6
202501011212,1010753,2025-01-27 02:00:00,6
202501011213,1010753,2025-01-22 20:00:00,30
202501011214,1010753,2025-01-24 06:00:00,30
202501011215,1003047,2025-01-22 08:00:00,6
202501011216,1003047,2025-01-25 15:00:00,6
202501011217,1003047,2025-02-08 00:00:00,6
202501011218,1016941,2025-01-24 12:00:00,68
202501011219,1008669,2025-01-28 17:00:00,6
202501011220,1008669,2025-01-31 22:00:00,30
202501011221,1008669,2025-01-25 17:00:00,68
202501011222,1008669,2025-02-21 22:00:00,6
202501011223,1017796,2025-01-22 09:00:00,30
202501011224,1017796,2025-01-25 16:00:00,6
202501011225,1011634,2025-02-12 06:00:00,6
202501011226,1011634,2025-01-30 19:00:00,68
202501011227,1011634,2025-01-26 23:00:00,68
202501011228,1012826,2025-02-12 21:00:00,30
202501011229,1002647,2025-01-23 00:00:00,68
202501011230,1016007,2025-01-23 02:00:00,6
202501011231,1001339,2025-01-23 07:00:00,30
202501011232,1018159,2025-01-27 00:00:00,6
202501011233,1018159,2025-01-25 05:00:00,30
202501011234,1019446,2025-02-03 01:00:00,30
202501011235,1019446,2025-02-09 07:00:00,30
202501011236,1019446,2025-01-22 21:00:00,30
202501011237,1004722,2025-01-23 23:00:00,6
202501011238,1001538,2025-01-25 12:00:00,30
202501011239,1006072,2025-01-25 08:00:00,6
202501011240,1010760,2025-01-25 02:00:00,6
202501011241,1010760,2025-01-27 05:00:00,30
202501011242,1010262,2025-01-23 18:00:00,30
202501011243,1002141,2025-02-02 08:00:00,6
202501011244,1005968,2025-01-28 04:00:00,30
202501011245,1003724,2025-02-19 18:00:00,30
202501011246,1004832,2025-01-26 10:00:00,68
202501011247,1012439,2025-02-01 23:00:00,30
202501011248,1019115,2025-01-26 23:00:00,6
202501011249,1015126,2025-01-25 01:00:00,6
202501011250,1008401,2025-01-23 14:00:00,6
202501011251,1019852,2025-02-26 09:00:00,6
202501011252,1001878,2025-01-24 18:00:00,30
202501011253,1000174,2025-01-26 03:00:00,6
202501011254,1000174,2025-02-14 15:00:00,68
202501011255,1011127,2025-02-09 15:00:00,30
202501011256,1003596,2025-02-04 12:00:00,6
202501011257,1006018,2025-01-25 03:00:00,30
202501011258,1006018,2025-02-02 05:00:00,30
202501011259,1006018,2025-01-24 22:00:00,68
202501011260,1015307,2025-01-31 09:00:00,6
202501011261,1015312,2025-01-25 22:00:00,6
202501011262,1005471,2025-01-30 07:00:00,6
202501011263,1019067,2025-01-23 15:00:00,6
202501011264,1019067,2025-01-29 05:00:00,30
202501011265,1019541,2025-01-25 22:00:00,30
202501011266,1016868,2025-01-23 18:00:00,68
202501011267,1016868,2025-02-01 05:00:00,6
202501011268,1018312,2025-01-27 11:00:00,30
202501011269,1017738,2025-02-04 17:00:00,30
202501011270,1014975,2025-01-27 15:00:00,30
202501011271,1013960,2025-02-02 21:00:00,30
202501011272,1001363,2025-02-04 05:00:00,6
202501011273,1008954,2025-03-01 14:00:00,6
202501011274,1006660,2025-02-10 09:00:00,6
202501011275,1011462,2025-01-27 06:00:00,30
202501011276,1012504,2025-01-27 07:00:00,30
202501011277,1008043,2025-02-05 03:00:00,30
202501011278,1002604,2025-01-30 08:00:00,30
202501011279,1013003,2025-02-01 23:00:00,30
202501011280,1017043,2025-02-05 20:00:00,648
202501011281,1017043,2025-01-29 20:00:00,128
202501011282,1017043,2025-02-14 05:00:00,648
202501011283,1017043,2025-02-04 16:00:00,648
202501011284,1017043,2025-03-22 08:00:00,128
202501011285,1017043,2025-01-26 04:00:00,648
202501011286,1017043,2025-02-05 18:00:00,648
202501011287,1017043,2025-02-01 04:00:00,648
202501011288,1017043,2025-03-25 20:00:00,328
202501011289,1017043,2025-01-24 08:00:00,648
202501011290,1017043,2025-02-13 05:00:00,328
202501011291,1017043,2025-01-28 14:00:00,68
202501011292,1017043,2025-01-29 16:00:00,328
202501011293,1017043,2025-01-25 14:00:00,648
202501011294,1017043,2025-01-27 04:00:00,648
202501011295,1017043,2025-01-27 06:00:00,128
202501011296,1017043,2025-01-24 05:00:00,648
202501011297,1017043,2025-02-10 23:00:00,648
202501011298,1016367,2025-02-04 00:00:00,30
202501011299,1013579,2025-03-02 14:00:00,30
202501011300,1013579,2025-02-03 07:00:00,30
202501011301,1013579,2025-02-02 21:00:00,30
202501011302,1015129,2025-02-08 04:00:00,6
202501011303,1018607,2025-01-28 19:00:00,68
202501011304,1014187,2025-01-24 17:00:00,68
202501011305,1014187,2025-02-01 13:00:00,30
202501011306,1014187,2025-02-08 15:00:00,648
202501011307,1014187,2025-03-25 03:00:00,30
202501011308,1006504,2025-01-30 03:00:00,30
202501011309,1007085,2025-01-31 08:00:00,68
202501011310,1016459,2025-02-04 06:00:00,30
202501011311,1016545,2025-02-12 07:00:00,6
202501011312,1016545,2025-02-05 18:00:00,6
202501011313,1002095,2025-01-29 15:00:00,30
202501011314,1002095,2025-02-09 14:00:00,30
202501011315,1012038,2025-01-27 04:00:00,30
202501011316,1018413,2025-02-03 08:00:00,30
202501011317,1018413,2025-01-30 04:00:00,6
202501011318,1010997,2025-02-01 12:00:00,30
202501011319,1010997,2025-01-27 16:00:00,30
202501011320,1010916,2025-02-09 16:00:00,30
202501011321,1010916,2025-01-28 12:00:00,30
202501011322,1004191,2025-02-18 00:00:00,30
202501011323,1016116,2025-02-03 02:00:00,30
202501011324,1010746,2025-02-03 09:00:00,6
202501011325,1006773,2025-01-30 21:00:00,68
202501011326,1014685,2025-01-25 22:00:00,6
202501011327,1008886,2025-02-04 06:00:00,128
202501011328,1008886,2025-02-15 02:00:00,6
202501011329,1008886,2025-03-12 13:00:00,6
202501011330,1001076,2025-01-29 23:00:00,30
202501011331,1005252,2025-02-11 21:00:00,6
202501011332,1005252,2025-02-07 08:00:00,30
202501011333,1010651,2025-02-03 12:00:00,6
202501011334,1013829,2025-01-25 20:00:00,328
202501011335,1013829,2025-01-29 21:00:00,328
202501011336,1013829,2025-02-09 13:00:00,648
202501011337,1013829,2025-01-24 03:00:00,68
202501011338,1013829,2025-01-25 10:00:00,128
202501011339,1013829,2025-02-05 05:00:00,328
202501011340,1013829,2025-01-24 01:00:00,68
202501011341,1013829,2025-01-28 16:00:00,648
202501011342,1013829,2025-01-25 03:00:00,328
202501011343,1013829,2025-01-27 21:00:00,648
202501011344,1013829,2025-01-27 20:00:00,648
202501011345,1013829,2025-02-03 03:00:00,648
202501011346,1013829,2025-01-30 10:00:00,648
202501011347,1013829,2025-01-29 05:00:00,648
202501011348,1013829,2025-01-28 06:00:00,328
202501011349,1013829,2025-02-11 11:00:00,648
202501011350,1013829,2025-02-06 17:00:00,648
202501011351,1013829,2025-02-10 02:00:00,328
202501011352,1013829,2025-03-07 16:00:00,128
202501011353,1013829,2025-02-03 05:00:00,648
202501011354,1013829,2025-02-01 07:00:00,30
202501011355,1013829,2025-01-25 23:00:00,648
202501011356,1013829,2025-02-02 04:00:00,68
202501011357,1013829,2025-01-30 20:00:00,648
202501011358,1013829,2025-01-24 09:00:00,648
202501011359,1013829,2025-02-13 16:00:00,648
202501011360,1013829,2025-01-27 05:00:00,128
202501011361,1013829,2025-01-28 18:00:00,328
202501011362,1013829,2025-01-24 10:00:00,648
202501011363,1017438,2025-01-28 22:00:00,6
202501011364,1008859,2025-01-28 23:00:00,30
202501011365,1005688,2025-01-26 01:00:00,68
202501011366,1005688,2025-02-07 06:00:00,30
202501011367,1009863,2025-02-14 21:00:00,30
202501011368,1013886,2025-01-28 22:00:00,30
202501011369,1012941,2025-02-14 06:00:00,68
202501011370,1008941,2025-01-24 12:00:00,6
202501011371,1009666,2025-02-10 16:00:00,30
202501011372,1015511,2025-01-27 04:00:00,30
202501011373,1004864,2025-02-05 03:00:00,6
202501011374,1009295,2025-02-03 20:00:00,30
202501011375,1009295,2025-02-11 19:00:00,30
202501011376,1012811,2025-01-31 12:00:00,6
202501011377,1016101,2025-02-15 22:00:00,30
202501011378,1012572,2025-02-01 22:00:00,30
202501011379,1012572,2025-03-14 08:00:00,30
202501011380,1013001,2025-01-29 02:00:00,68
202501011381,1013001,2025-02-06 12:00:00,30
202501011382,1016200,2025-01-28 17:00:00,30
202501011383,1010884,2025-01-28 05:00:00,6
202501011384,1010884,2025-01-31 12:00:00,6
202501011385,1017919,2025-01-27 15:00:00,648
202501011386,1007771,2025-02-04 18:00:00,30
202501011387,1007771,2025-01-25 17:00:00,30
202501011388,1007771,2025-01-25 20:00:00,6
202501011389,1000204,2025-01-25 22:00:00,30
202501011390,1000204,2025-02-19 22:00:00,30
202501011391,1002152,2025-01-28 18:00:00,6
202501011392,1018527,2025-02-11 15:00:00,30
202501011393,1018527,2025-01-27 12:00:00,30
202501011394,1010513,2025-02-08 08:00:00,6
202501011395,1010513,2025-02-07 17:00:00,6
202501011396,1000281,2025-02-05 13:00:00,30
202501011397,1000281,2025-02-06 19:00:00,6
202501011398,1010301,2025-02-09 06:00:00,30
202501011399,1010301,2025-01-25 14:00:00,128
202501011400,1009464,2025-02-02 06:00:00,30
202501011401,1004672,2025-02-20 09:00:00,30
202501011402,1004672,2025-02-12 03:00:00,30
202501011403,1004672,2025-01-28 04:00:00,6
202501011404,1017036,2025-02-01 00:00:00,30
202501011405,1017036,2025-01-29 16:00:00,30
202501011406,1017036,2025-01-26 17:00:00,30
202501011407,1004664,2025-02-06 11:00:00,648
202501011408,1004664,2025-01-27 00:00:00,30
202501011409,1004664,2025-02-03 02:00:00,648
202501011410,1004664,2025-01-27 04:00:00,648
202501011411,1004664,2025-01-28 09:00:00,648
202501011412,1004664,2025-03-07 13:00:00,328
202501011413,1004664,2025-01-29 15:00:00,648
202501011414,1004664,2025-02-06 16:00:00,128
202501011415,1004664,2025-02-06 10:00:00,328
202501011416,1004664,2025-01-26 08:00:00,648
202501011417,1004664,2025-01-30 02:00:00,648
202501011418,1004664,2025-02-04 19:00:00,648
202501011419,1004664,2025-01-27 14:00:00,328
202501011420,1004664,2025-01-27 20:00:00,648
202501011421,1004664,2025-02-07 14:00:00,128
202501011422,1004664,2025-01-25 23:00:00,648
202501011423,1004664,2025-01-25 08:00:00,68
202501011424,1004777,2025-02-08 02:00:00,30
202501011425,1019391,2025-01-30 21:00:00,6
202501011426,1004396,2025-02-04 14:00:00,30
202501011427,1002844,2025-02-03 22:00:00,6
202501011428,1011612,2025-01-31 11:00:00,6
202501011429,1011612,2025-01-25 16:00:00,68
202501011430,1005617,2025-01-25 14:00:00,30
202501011431,1005617,2025-02-09 23:00:00,30
202501011432,1019645,2025-02-09 03:00:00,30
202501011433,1014544,2025-02-08 15:00:00,6
202501011434,1009130,2025-01-26 02:00:00,6
202501011435,1009130,2025-02-03 11:00:00,6
202501011436,1003127,2025-02-14 07:00:00,6
202501011437,1003127,2025-02-09 06:00:00,6
202501011438,1008877,2025-01-26 02:00:00,328
202501011439,1008877,2025-01-28 15:00:00,30
202501011440,1008877,2025-02-17 18:00:00,6
202501011441,1008877,2025-01-30 02:00:00,328
202501011442,1014190,2025-01-27 22:00:00,6
202501011443,1019740,2025-01-27 14:00:00,30
202501011444,1001017,2025-01-27 11:00:00,68
202501011445,1013634,2025-02-20 13:00:00,30
202501011446,1016454,2025-02-04 20:00:00,30
202501011447,1019238,2025-03-11 10:00:00,328
202501011448,1019238,2025-02-01 23:00:00,648
202501011449,1019238,2025-01-30 10:00:00,648
202501011450,1019238,2025-01-29 15:00:00,128
202501011451,1019238,2025-02-04 08:00:00,648
202501011452,1019238,2025-01-27 22:00:00,328
202501011453,1019238,2025-02-15 07:00:00,648
202501011454,1019238,2025-02-09 23:00:00,128
202501011455,1019238,2025-01-29 13:00:00,648
202501011456,1019238,2025-02-11 14:00:00,328
202501011457,1019238,2025-01-27 01:00:00,648
202501011458,1019238,2025-03-17 02:00:00,328
202501011459,1019238,2025-01-30 22:00:00,648
202501011460,1019238,2025-01-30 23:00:00,648
202501011461,1019238,2025-02-07 07:00:00,648
202501011462,1019238,2025-02-11 00:00:00,328
202501011463,1019238,2025-01-28 21:00:00,128
202501011464,1019238,2025-02-04 08:00:00,328
202501011465,1019238,2025-02-15 11:00:00,328
202501011466,1001468,2025-01-28 11:00:00,30
202501011467,1001468,2025-02-02 04:00:00,30
202501011468,1001468,2025-02-08 05:00:00,6
202501011469,1011326,2025-01-29 22:00:00,6
202501011470,1002646,2025-01-26 04:00:00,6
202501011471,1011330,2025-01-30 16:00:00,30
202501011472,1017934,2025-01-27 23:00:00,30
202501011473,1011004,2025-01-30 17:00:00,328
202501011474,1011004,2025-01-27 02:00:00,648
202501011475,1011004,2025-01-28 14:00:00,648
202501011476,1011004,2025-02-02 00:00:00,328
202501011477,1011004,2025-02-03 06:00:00,648
202501011478,1006305,2025-02-13 13:00:00,6
202501011479,1006499,2025-02-08 09:00:00,30
202501011480,1006499,2025-01-30 01:00:00,30
202501011481,1006499,2025-01-30 01:00:00,30
202501011482,1006499,2025-02-12 00:00:00,6
202501011483,1017824,2025-01-28 07:00:00,30
202501011484,1006479,2025-01-31 16:00:00,68
202501011485,1006479,2025-02-21 19:00:00,6
202501011486,1006479,2025-02-08 21:00:00,30
202501011487,1006479,2025-02-04 08:00:00,30
202501011488,1006259,2025-02-20 19:00:00,6
202501011489,1006259,2025-01-30 19:00:00,30
202501011490,1003038,2025-01-29 07:00:00,30
202501011491,1017465,2025-03-09 17:00:00,6
202501011492,1016360,2025-02-12 15:00:00,30
202501011493,1015763,2025-02-15 05:00:00,30
202501011494,1015763,2025-02-02 17:00:00,68
202501011495,1015763,2025-02-07 00:00:00,30
202501011496,1010151,2025-02-14 17:00:00,6
202501011497,1009861,2025-02-10 17:00:00,30
202501011498,1010250,2025-02-06 19:00:00,30
202501011499,1009908,2025-01-31 05:00:00,30
202501011500,1018863,2025-02-01 12:00:00,30
202501011501,1018863,2025-02-05 16:00:00,6
202501011502,1003678,2025-01-28 17:00:00,6
202501011503,1003678,2025-01-29 14:00:00,30
202501011504,1014469,2025-01-28 21:00:00,6
202501011505,1014469,2025-02-03 11:00:00,68
202501011506,1001312,2025-02-03 09:00:00,6
202501011507,1001312,2025-03-27 05:00:00,30
202501011508,1006378,2025-02-06 17:00:00,30
202501011509,1006378,2025-02-06 07:00:00,30
202501011510,1006378,2025-01-27 22:00:00,30
202501011511,1006378,2025-01-31 12:00:00,6
202501011512,1019652,2025-01-28 10:00:00,30
202501011513,1004494,2025-02-11 14:00:00,6
202501011514,1008317,2025-02-08 04:00:00,30
202501011515,1008317,2025-02-22 21:00:00,6
202501011516,1005859,2025-01-27 11:00:00,6
202501011517,1006308,2025-02-10 17:00:00,648
202501011518,1006308,2025-02-14 12:00:00,6
202501011519,1006308,2025-02-04 06:00:00,6
202501011520,1000542,2025-02-24 10:00:00,6
202501011521,1015111,2025-02-02 05:00:00,30
202501011522,1015111,2025-02-04 19:00:00,68
202501011523,1015111,2025-01-30 00:00:00,6
202501011524,1015111,2025-02-03 01:00:00,68
202501011525,1008586,2025-01-27 00:00:00,68
202501011526,1008586,2025-01-31 14:00:00,68
202501011527,1018517,2025-01-28 17:00:00,6
202501011528,1009836,2025-01-28 09:00:00,30
202501011529,1009836,2025-01-27 17:00:00,6
202501011530,1019010,2025-02-06 15:00:00,30
202501011531,1010597,2025-01-29 10:00:00,30
202501011532,1010597,2025-01-31 13:00:00,30
202501011533,1010597,2025-02-03 06:00:00,6
202501011534,1008314,2025-02-15 21:00:00,128
202501011535,1018795,2025-01-27 11:00:00,30
202501011536,1000246,2025-01-28 23:00:00,30
202501011537,1000246,2025-01-27 05:00:00,6
202501011538,1003158,2025-02-01 05:00:00,68
202501011539,1003158,2025-01-27 11:00:00,30
202501011540,1011000,2025-01-29 04:00:00,30
202501011541,1004249,2025-02-19 07:00:00,30
202501011542,1007872,2025-01-27 01:00:00,6
202501011543,1007872,2025-01-27 23:00:00,30
202501011544,1002768,2025-01-30 18:00:00,6
202501011545,1012568,2025-01-29 08:00:00,6
202501011546,1019338,2025-02-02 14:00:00,30
202501011547,1019338,2025-02-01 02:00:00,68
202501011548,1006979,2025-02-02 23:00:00,30
202501011549,1006979,2025-03-08 04:00:00,328
202501011550,1013357,2025-02-19 06:00:00,6
202501011551,1015899,2025-01-28 06:00:00,68
202501011552,1015899,2025-02-12 19:00:00,6
202501011553,1015899,2025-02-27 23:00:00,68
202501011554,1015899,2025-01-30 14:00:00,30
202501011555,1013034,2025-02-09 08:00:00,30
202501011556,1013619,2025-02-13 13:00:00,6
202501011557,1013619,2025-01-29 09:00:00,30
202501011558,1012933,2025-01-28 08:00:00,6
202501011559,1019041,2025-01-30 14:00:00,6
202501011560,1019041,2025-02-03 19:00:00,30
202501011561,1019041,2025-02-18 02:00:00,30
202501011562,1009340,2025-01-31 12:00:00,6
202501011563,1019598,2025-01-31 21:00:00,6
202501011564,1001761,2025-02-19 15:00:00,6
202501011565,1001761,2025-02-14 15:00:00,6
202501011566,1019965,2025-02-08 10:00:00,30
202501011567,1009235,2025-02-02 14:00:00,30
202501011568,1009235,2025-01-31 10:00:00,30
202501011569,1018922,2025-02-24 08:00:00,6
202501011570,1018922,2025-02-12 12:00:00,30
202501011571,1003853,2025-01-29 00:00:00,6
202501011572,1013133,2025-02-02 20:00:00,68
202501011573,1002576,2025-01-28 11:00:00,30
202501011574,1002576,2025-02-07 14:00:00,6
202501011575,1010606,2025-01-30 17:00:00,68
202501011576,1010606,2025-02-02 01:00:00,30
202501011577,1010606,2025-02-02 07:00:00,30
202501011578,1005231,2025-01-28 05:00:00,6
202501011579,1004918,2025-02-03 08:00:00,6
202501011580,1005810,2025-02-10 15:00:00,30
202501011581,1012618,2025-02-03 20:00:00,30
202501011582,1012618,2025-02-08 18:00:00,30
202501011583,1012618,2025-01-31 19:00:00,30
202501011584,1012854,2025-02-07 22:00:00,6
202501011585,1012854,2025-01-28 00:00:00,68
202501011586,1012854,2025-02-12 02:00:00,30
202501011587,1012854,2025-01-29 15:00:00,30
202501011588,1004971,2025-02-01 22:00:00,30
202501011589,1004971,2025-02-11 05:00:00,6
202501011590,1004971,2025-01-31 11:00:00,6
202501011591,1005561,2025-02-21 10:00:00,6
202501011592,1019196,2025-02-12 07:00:00,30
202501011593,1019196,2025-03-14 10:00:00,30
202501011594,1011921,2025-01-28 11:00:00,6
202501011595,1017273,2025-02-03 16:00:00,6
202501011596,1006269,2025-02-06 03:00:00,30
202501011597,1006269,2025-03-25 18:00:00,68
202501011598,1006269,2025-02-09 08:00:00,30
202501011599,1011413,2025-02-02 22:00:00,30
202501011600,1011413,2025-02-05 20:00:00,30
202501011601,1000520,2025-02-01 10:00:00,6
202501011602,1000520,2025-03-02 16:00:00,6
202501011603,1011856,2025-01-30 13:00:00,30
202501011604,1016714,2025-01-31 15:00:00,30
202501011605,1016714,2025-02-02 18:00:00,30
202501011606,1016714,2025-02-02 12:00:00,30
202501011607,1011324,2025-02-08 17:00:00,6
202501011608,1000539,2025-02-09 07:00:00,328
202501011609,1011780,2025-02-12 05:00:00,30
202501011610,1011780,2025-02-21 10:00:00,68
202501011611,1013762,2025-02-09 02:00:00,30
202501011612,1013762,2025-02-04 20:00:00,6
202501011613,1013762,2025-02-06 06:00:00,6
202501011614,1015245,2025-01-28 15:00:00,30
202501011615,1000411,2025-02-09 22:00:00,68
202501011616,1013492,2025-02-10 14:00:00,30
202501011617,1013492,2025-01-30 19:00:00,6
202501011618,1016863,2025-01-30 05:00:00,6
202501011619,1000560,2025-02-04 05:00:00,30
202501011620,1016601,2025-02-09 22:00:00,6
202501011621,1016601,2025-01-31 12:00:00,6
202501011622,1013361,2025-01-31 09:00:00,30
202501011623,1000710,2025-02-10 12:00:00,30
202501011624,1000710,2025-01-30 08:00:00,30
202501011625,1000710,2025-01-31 11:00:00,68
202501011626,1006329,2025-02-01 23:00:00,30
202501011627,1000806,2025-02-19 08:00:00,30
202501011628,1019650,2025-02-02 07:00:00,30
202501011629,1019650,2025-01-30 12:00:00,328
202501011630,1019650,2025-01-29 04:00:00,6
202501011631,1011571,2025-02-04 00:00:00,30
202501011632,1009489,2025-02-18 04:00:00,30
202501011633,1014483,2025-02-02 04:00:00,30
202501011634,1009224,2025-02-05 00:00:00,30
202501011635,1009224,2025-02-18 12:00:00,6
202501011636,1003279,2025-01-30 06:00:00,30
202501011637,1015868,2025-01-30 20:00:00,68
202501011638,1015868,2025-01-30 05:00:00,30
202501011639,1015868,2025-02-01 23:00:00,6
202501011640,1015868,2025-02-04 05:00:00,6
202501011641,1003094,2025-02-09 22:00:00,6
202501011642,1000241,2025-02-16 16:00:00,30
202501011643,1013663,2025-01-30 20:00:00,30
202501011644,1016038,2025-02-02 02:00:00,68
202501011645,1016038,2025-02-02 05:00:00,328
202501011646,1016038,2025-01-29 11:00:00,128
202501011647,1016038,2025-02-17 04:00:00,648
202501011648,1016038,2025-02-05 23:00:00,648
202501011649,1005505,2025-01-31 23:00:00,68
202501011650,1003161,2025-01-30 13:00:00,128
202501011651,1003161,2025-01-29 15:00:00,128
202501011652,1003161,2025-02-26 00:00:00,648
202501011653,1003161,2025-02-06 05:00:00,648
202501011654,1003161,2025-01-29 00:00:00,648
202501011655,1003161,2025-02-07 10:00:00,328
202501011656,1003161,2025-02-03 15:00:00,648
202501011657,1003161,2025-01-29 00:00:00,328
202501011658,1003161,2025-02-03 18:00:00,648
202501011659,1003161,2025-01-29 12:00:00,648
202501011660,1003161,2025-02-02 11:00:00,328
202501011661,1003161,2025-01-30 00:00:00,648
202501011662,1003161,2025-02-09 14:00:00,128
202501011663,1003161,2025-02-07 08:00:00,648
202501011664,1003161,2025-01-29 21:00:00,328
202501011665,1003161,2025-02-07 19:00:00,648
202501011666,1003161,2025-02-04 04:00:00,328
202501011667,1003161,2025-02-13 15:00:00,328
202501011668,1003161,2025-02-21 01:00:00,328
202501011669,1000824,2025-02-10 23:00:00,6
202501011670,1017646,2025-02-02 19:00:00,6
202501011671,1017646,2025-02-08 15:00:00,30
202501011672,1017657,2025-02-17 22:00:00,6
202501011673,1016400,2025-02-03 16:00:00,30
202501011674,1006264,2025-02-12 06:00:00,30
202501011675,1002230,2025-02-16 21:00:00,6
202501011676,1017606,2025-02-01 10:00:00,6
202501011677,1017606,2025-03-01 23:00:00,6
202501011678,1015009,2025-01-29 05:00:00,30
202501011679,1002093,2025-02-04 05:00:00,30
202501011680,1002093,2025-02-19 16:00:00,30
202501011681,1007040,2025-02-02 18:00:00,6
202501011682,1006287,2025-01-29 18:00:00,68
202501011683,1018266,2025-02-15 22:00:00,30
202501011684,1019362,2025-02-07 01:00:00,30
202501011685,1006918,2025-01-31 09:00:00,30
202501011686,1009602,2025-02-05 01:00:00,6
202501011687,1004072,2025-02-09 07:00:00,328
202501011688,1004072,2025-02-12 03:00:00,30
202501011689,1004072,2025-02-01 10:00:00,30
202501011690,1016363,2025-01-30 10:00:00,6
202501011691,1016363,2025-02-05 01:00:00,30
202501011692,1016363,2025-02-01 04:00:00,30
202501011693,1016363,2025-02-08 04:00:00,30
202501011694,1014753,2025-02-13 05:00:00,648
202501011695,1014753,2025-02-03 23:00:00,30
202501011696,1009088,2025-03-01 19:00:00,6
202501011697,1008743,2025-02-07 04:00:00,30
202501011698,1008743,2025-01-31 14:00:00,68
202501011699,1003617,2025-03-05 23:00:00,30
202501011700,1008990,2025-02-06 20:00:00,30
202501011701,1008990,2025-02-02 01:00:00,30
202501011702,1003510,2025-02-26 20:00:00,30
202501011703,1003544,2025-02-03 14:00:00,30
202501011704,1003544,2025-02-12 18:00:00,6
202501011705,1008489,2025-01-30 09:00:00,30
202501011706,1009758,2025-01-31 00:00:00,68
202501011707,1009758,2025-01-30 05:00:00,6
202501011708,1019539,2025-02-02 14:00:00,68
202501011709,1019028,2025-02-16 09:00:00,6
202501011710,1005405,2025-02-03 13:00:00,68
202501011711,1017023,2025-02-28 15:00:00,30
202501011712,1017554,2025-02-15 13:00:00,6
202501011713,1013551,2025-02-03 01:00:00,68
202501011714,1013551,2025-01-31 18:00:00,30
202501011715,1013626,2025-02-03 11:00:00,6
202501011716,1013626,2025-02-06 06:00:00,30
202501011717,1013626,2025-01-30 22:00:00,68
202501011718,1013626,2025-02-04 09:00:00,30
202501011719,1002769,2025-02-07 23:00:00,6
202501011720,1012612,2025-02-02 14:00:00,30
202501011721,1012612,2025-02-19 09:00:00,648
202501011722,1012612,2025-01-31 10:00:00,6
202501011723,1006805,2025-02-21 15:00:00,30
202501011724,1016061,2025-01-31 15:00:00,30
202501011725,1016061,2025-02-04 12:00:00,30
202501011726,1005031,2025-02-26 18:00:00,6
202501011727,1005031,2025-02-05 06:00:00,68
202501011728,1016778,2025-01-31 09:00:00,30
202501011729,1004804,2025-02-18 00:00:00,6
202501011730,1004804,2025-02-01 07:00:00,6
202501011731,1004804,2025-02-07 00:00:00,30
202501011732,1016518,2025-02-17 09:00:00,6
202501011733,1015220,2025-02-27 23:00:00,30
202501011734,1015220,2025-01-30 05:00:00,68
202501011735,1006070,2025-01-30 12:00:00,6
202501011736,1018740,2025-02-12 09:00:00,30
202501011737,1018740,2025-02-01 21:00:00,30
202501011738,1008133,2025-01-31 08:00:00,6
202501011739,1005911,2025-02-03 17:00:00,30
202501011740,1001120,2025-02-01 10:00:00,648
202501011741,1014299,2025-02-03 03:00:00,6
202501011742,1014299,2025-02-16 19:00:00,30
202501011743,1019616,2025-02-08 18:00:00,30
202501011744,1019616,2025-02-11 13:00:00,128
202501011745,1002617,2025-02-13 02:00:00,30
202501011746,1002617,2025-03-13 11:00:00,68
202501011747,1002617,2025-02-02 07:00:00,128
202501011748,1014594,2025-02-13 14:00:00,6
202501011749,1015293,2025-03-04 14:00:00,68
202501011750,1015293,2025-03-05 20:00:00,6
202501011751,1005450,2025-02-01 03:00:00,328
202501011752,1005450,2025-02-12 07:00:00,128
202501011753,1005450,2025-02-01 14:00:00,68
202501011754,1005450,2025-02-15 20:00:00,648
202501011755,1005450,2025-02-03 08:00:00,128
202501011756,1005450,2025-02-03 05:00:00,68
202501011757,1008664,2025-02-10 01:00:00,128
202501011758,1003063,2025-02-18 11:00:00,6
202501011759,1014703,2025-02-06 10:00:00,68
202501011760,1014703,2025-02-07 18:00:00,6
202501011761,1005352,2025-02-18 00:00:00,30
202501011762,1014592,2025-02-08 12:00:00,68
202501011763,1014592,2025-02-10 04:00:00,6
202501011764,1004219,2025-02-12 20:00:00,6
202501011765,1018057,2025-01-31 14:00:00,30
202501011766,1000414,2025-02-28 13:00:00,6
202501011767,1000414,2025-02-05 08:00:00,30
202501011768,1019133,2025-02-22 17:00:00,328
202501011769,1019133,2025-02-11 11:00:00,328
202501011770,1019133,2025-02-05 12:00:00,68
202501011771,1019133,2025-02-06 15:00:00,328
202501011772,1019133,2025-02-09 17:00:00,648
202501011773,1019133,2025-02-03 10:00:00,128
202501011774,1019133,2025-02-24 22:00:00,648
202501011775,1019133,2025-01-31 19:00:00,328
202501011776,1019133,2025-02-26 18:00:00,648
202501011777,1019133,2025-02-03 00:00:00,328
202501011778,1019133,2025-02-08 17:00:00,128
202501011779,1019133,2025-02-06 11:00:00,128
202501011780,1019133,2025-02-01 21:00:00,648
202501011781,1019133,2025-02-14 18:00:00,648
202501011782,1019133,2025-02-15 19:00:00,648
202501011783,1019133,2025-02-02 18:00:00,128
202501011784,1018217,2025-02-03 01:00:00,328
202501011785,1018217,2025-02-09 11:00:00,6
202501011786,1000195,2025-02-11 17:00:00,30
202501011787,1018817,2025-02-05 18:00:00,30
202501011788,1009933,2025-02-06 07:00:00,128
202501011789,1002189,2025-02-07 05:00:00,6
202501011790,1002779,2025-02-17 13:00:00,648
202501011791,1002779,2025-01-31 06:00:00,6
202501011792,1002372,2025-03-17 21:00:00,6
202501011793,1016667,2025-01-31 07:00:00,30
202501011794,1016667,2025-01-31 04:00:00,68
202501011795,1016667,2025-02-01 12:00:00,68
202501011796,1001332,2025-02-01 17:00:00,6
202501011797,1001332,2025-02-03 22:00:00,30
202501011798,1001332,2025-02-01 06:00:00,128
202501011799,1001332,2025-02-08 21:00:00,30
202501011800,1012630,2025-02-23 18:00:00,30
202501011801,1012630,2025-02-01 08:00:00,30
202501011802,1011688,2025-02-08 22:00:00,6
202501011803,1011989,2025-02-20 06:00:00,30
